<?xml version="1.0"?>
<project
	xmlns:xsi="http://www.w3.org/2001/XMLSchema-instance"
  xsi:noNamespaceSchemaLocation="http://maven.apache.org/xsd/maven-project-3.0.0.xsd">
  <pomVersion>3</pomVersion>
  <id>libfonts</id>
  <name>libFonts</name>
  <groupId>jfree</groupId>
  <currentVersion>@VERSION@</currentVersion>
  <organization>
    <name>JFree.org</name>
    <url>http://www.jfree.org/</url>
  </organization>
  <inceptionYear>2005</inceptionYear>

  <description>
    libFonts is a layouting support library used to read and manage fonts.
  </description>

  <shortDescription>a layouting support library used to read and manage fonts.</shortDescription>

  <url>http://www.jfree.org/jfreereport/</url>
  <issueTrackingUrl>http://sourceforge.net/tracker/?group_id=51669</issueTrackingUrl>

  <repository>
    <connection>
      scm:cvs:pserver:anonymous@cvs.sourceforge.net:/cvsroot/jfreereport:libfonts
    </connection>
    <url>
      http://cvs.sourceforge.net/viewcvs.py/jfreereport/libfonts
    </url>
  </repository>

  <mailingLists>
    <mailingList>
      <name>JFreeReport Developer List</name>
      <subscribe>
        jfreereport-developers-request@lists.sourceforge.net?subject=subscribe
      </subscribe>
      <unsubscribe>
        jfreereport-developers-request@lists.sourceforge.net?subject=unsubscribe
      </unsubscribe>
      <archive>
        http://sourceforge.net/mailarchive/forum.php?forum=jfreereport-developers
      </archive>
    </mailingList>
  </mailingLists>

  <developers>
    <!--
    For an up to date list of developers and contributors have a look at
    the project info implementations.
    -->
  </developers>

  <licenses>
    <license>
      <name>GNU Lesser General Public Licence</name>
      <url>http://www.gnu.org/licenses/lgpl.txt</url>
      <distribution>repo</distribution>
    </license>
  </licenses>

  <dependencies>
    <dependency>
      <groupId>jfree</groupId>
      <artifactId>jcommon</artifactId>
      <version>1.0.0</version>
      <url>http://www.jfree.org/jcommon/</url>
    </dependency>
  </dependencies>

  <build>
    <!-- We don't use Maven as build system. -->
  </build>
</project>

