<?xml version="1.0" encoding="UTF-8"?>
<!-- ultraclean.xml
     This is a sample configuration file for Writer2LaTeX.
     The options are set to produce the cleanest possible
     LaTeX file from an arbitrary Writer document
     - by removing practically all formatting.
 -->

<config>
  <option name="documentclass" value="article" />
  <option name="backend" value="generic" />
  <option name="inputencoding" value="ascii" />
  <option name="multilingual" value="false" />
  <option name="use_ooomath" value="true" />
  <option name="use_color" value="false" />
  <option name="use_colortbl" value="false" />
  <option name="use_hyperref" value="false" />
  <option name="use_bibtex" value="true" />
  <option name="bibtex_style" value="plain" />
  <option name="formatting" value="ignore_all" />
  <option name="page_formatting" value="ignore_all" />
  <option name="ignore_empty_paragraphs" value="true" />
  <option name="ignore_hard_page_breaks" value="true" />
  <option name="ignore_hard_line_breaks" value="true" />
  <option name="ignore_double_spaces" value="true" />
  <heading-map max-level="5">
    <heading-level-map writer-level="1" name="section" level="1" />
    <heading-level-map writer-level="2" name="subsection" level="2" />
    <heading-level-map writer-level="3" name="subsubsection" level="3" />
    <heading-level-map writer-level="4" name="paragraph" level="4" />
    <heading-level-map writer-level="5" name="subparagraph" level="5" />
  </heading-map>
  <custom-preamble />
</config>

