<?xml version="1.0" encoding="UTF-8" ?>
<config>
  <option name="backend" value="pdftex" />
  <option name="no_preamble" value="false" />
  <option name="no_index" value="false" />
  <option name="documentclass" value="article" />
  <option name="global_options" value="" />
  <option name="inputencoding" value="ascii" />
  <option name="multilingual" value="true" />
  <option name="greek_math" value="true" />
  <option name="use_ooomath" value="false" />
  <option name="use_pifont" value="false" />
  <option name="use_ifsym" value="false" />
  <option name="use_wasysym" value="false" />
  <option name="use_bbding" value="false" />
  <option name="use_eurosym" value="false" />
  <option name="use_tipa" value="false" />
  <option name="use_color" value="true" />
  <option name="use_colortbl" value="false" />
  <option name="use_geometry" value="false" />
  <option name="use_fancyhdr" value="false" />
  <option name="use_hyperref" value="true" />
  <option name="use_caption2" value="false" />
  <option name="use_longtable" value="true" />
  <option name="use_supertabular" value="false" />
  <option name="use_tabulary" value="false" />
  <option name="use_endnotes" value="false" />
  <option name="use_ulem" value="false" />
  <option name="use_lastpage" value="false" />
  <option name="use_titleref" value="false" />
  <option name="use_oooref" value="false" />
  <option name="use_bibtex" value="false" />
  <option name="bibtex_style" value="plain" />
  <option name="formatting" value="convert_basic" />
  <option name="page_formatting" value="convert_all" />
  <option name="other_styles" value="accept" />
  <option name="image_content" value="accept" />
  <option name="table_content" value="accept" />
  <option name="ignore_hard_page_breaks" value="false" />
  <option name="ignore_hard_line_breaks" value="false" />
  <option name="ignore_empty_paragraphs" value="false" />
  <option name="ignore_double_spaces" value="false" />
  <option name="align_frames" value="true" />
  <option name="float_figures" value="false" />
  <option name="float_tables" value="false" />
  <option name="float_options" value="h" />
  <option name="figure_sequence_name" value="" />
  <option name="table_sequence_name" value="" />
  <option name="image_options" value="" />
  <option name="remove_graphics_extension" value="false" />
  <option name="keep_image_size" value="false" />
  <option name="simple_table_limit" value="0" />
  <option name="notes" value="comment" />
  <option name="tabstop" value="" />
  <option name="wrap_lines_after" value="72" />
  <option name="split_linked_sections" value="false" />
  <option name="split_toplevel_sections" value="false" />
  <option name="xhtml_no_doctype" value="false" />
  <option name="xhtml_encoding" value="UTF-8" />
  <option name="xhtml_custom_stylesheet" value="" />
  <option name="xhtml_formatting" value="convert_all" />
  <option name="xhtml_frame_formatting" value="convert_all" />
  <option name="xhtml_section_formatting" value="convert_all" />
  <option name="xhtml_table_formatting" value="convert_all" />
  <option name="xhtml_ignore_table_dimensions" value="false" />
  <option name="xhtml_use_dublin_core" value="true" />
  <option name="xhtml_convert_to_px" value="true" />
  <option name="xhtml_scaling" value="100%" />
  <option name="xhtml_column_scaling" value="100%" />
  <option name="xhtml_float_objects" value="true" />
  <option name="xhtml_tabstop_style" value="" />
  <option name="xhtml_use_list_hack" value="false" />
  <option name="xhtml_split_level" value="0" />
  <option name="xhtml_calc_split" value="false" />
  <option name="xhtml_uplink" value="" />
  <option name="xhtml_directory_icon" value="" />
  <option name="xhtml_document_icon" value="" />
  <option name="debug" value="false" />
  <heading-map max-level="5">
    <heading-level-map level="1" name="section" writer-level="1" />
    <heading-level-map level="2" name="subsection" writer-level="2" />
    <heading-level-map level="3" name="subsubsection" writer-level="3" />
    <heading-level-map level="4" name="paragraph" writer-level="4" />
    <heading-level-map level="5" name="subparagraph" writer-level="5" />
  </heading-map>
  <custom-preamble />
</config>
