doc	pages	first_page	of	ink	dominant	gdelta	only_ours	only_ref	blank_ref	text
010605Vul__ppt	21/21	9	21	1.87	size	0	0	1	0	Vulindlela Journey Map Trained & Implemented 55 Clients in Finance & DSE Integrated DPSA/V
02_REDAC_New ATM briefing _March 2017v2__pptx	6/6	3	6	0.35	face	76	10	2	0	New ATM Requirements 1A08D What are the Research Goals The New ATM Requirements research g
0335fab9-79f0-4944-b92c-f223837ca2d8__ppt	12/12	6	12	0.47	glyphs	59	12	24	2	Where to go... Leadership Have a look at the NHSGG&C Career development pages. There are l
080214-Intl-pol-frameworks-and-their-implications-for-Africa-ISS-workshop__ppt	18/18	1	18	0.55	glyphs	1	0	1	0	International policy frameworks and architectures on climate change Katharine Vincent
1-secretariat__ppt	10/10	1	10	5.09	glyphs	1	3	7	0	International Council of Aircraft Owner and Pilot Associations
10. Drawings, circuit diagrams and schematics__pptx	23/23	7	23	0.35	glyphs	1	0	2	0	T Level Technical Qualification in Building Services Engineering for Construction (Level 3
111006 COMSTAC STOWG Aero spaceports IFG__pptx	8/8		8	0.00		0	0	0	0	COMSTAC STOWG Commercial Aerospaceports Licensing and Development
1200-Assigning-Club-officers__pptx	16/16	10	16	0.43	glyphs	48	3	4	1	How do we fix it - Short MAPPING term ToDo in ClubRunner: ForClubs>Define Club Executives 
16 - UTM - (NASA)__pptx	37/37	1	37	0.81	glyphs	20	11	30	0	National Aeronautics and Space Administration Unmanned Aerial Systems Traffic Management (
171128IPAP__pptx	40/40	24	40	1.87	box	2	564	565	0	Overview of all the KAPs cont. The table below provides an overview of progress across all
1_Country-Updates_DRC_English__pptx	16/16	13	16	0.51	box	0	52	36	0	REACH : Pediatric TB Notification vs TB All Forms from 2017-2023 IN350,000 DANCE 300,000 3
2014BSA_Sunday_Killion__pptx	50/50	5	50	0.36	face	20	1	123	86	Source: ISM 60 Jan-14 65 Jan-13 Jan-12 Jan-11 Jan-10 Jan-09 Jan-08 Jan-07 Jan-06 Jan-05 Ja
2015-Civil-Rights-Website-training__ppt	94/94	2	94	0.59	size	0	9	480	4	Federal Legal Authority  Civil Rights Act (VI & VII)  Rehabilitation Act (Section 504) 
23-session-2-pptx__pptx	16/16	15	16	0.43	one-sided	0	2	4	1	Vendor Help Desk  Email: il.bidbuy@illinois.gov  Phone: 866-455-2897
30-04-2021 merged NDoH and NICD_Presentation HBV BD meeting 05May2021_1__pptx	18/18	9	18	0.40	glyphs	61	8	1	0	The National Clinical guidelines and Hepatitis Action Plan • The national clinical guideli
3492__pptx	22/22	3	22	3.66	colour	55	39	98	15	Number of Accidents Overview of Safety at Landing Hull loss and significant damage Runway 
3495__pptx	26/26	5	26	0.77	glyphs	1	7	71	1	Landing and Takeoff Area Incursions and Excursions: A Rotorcraft Perspective Why do we car
429_BLISc 2019 IInd Sem.  PAPER-7 UNIT 3__pptx	20/20	6	20	0.60	glyphs	68	31	31	5	 Types of Digests Digest can be categorised according to the number of sources that has b
5b_upasana_dasgupta_-_liability_and_registration__pptx	15/15		15	0.00		0	0	0	0	Reconciling State practice of in orbit satellite transfer with the law of liability and re
7-Zulkefli_Part147n66_IKMAS__pptx	18/18	1	18	1.33	glyphs	1	32	31	9	ACADEMIC QUALIFICATION • MSc in Engineering Business Management • Certificate of Aircraft 
71393_pp7__ppt	39/39	8	39	0.46	box	8	1780	41	3	Multimedia convergence at different levels Broadcaster Service provision Broadcast Network
8.16_AOD_FINAL_Provider_Training_Presentation_9_2009__ppt	94/94	12	94	0.72	glyphs	1	3	4	0	Single Service Entry Screen Y Evidence- Based Practices/Service Strategies label shorten t
8_P-Pavese_AIRBUS-ATB-journee-CRATB__pptx	26/26	3	26	0.42	glyphs	22	33	8	3	Enquête nationale du SNMinf sur l’activité transversale des infectiologues. 2017H Aumaitre
97936__pptx	15/15	4	15	2.51	box	18	37	26	0	RCP240/RSP180 Spec – Aircraft Allocations Transaction Time Nominal (95%) and Expiration (9
AATF-Fact-Sheet-2025__pptx	9/9	2	9	0.36	glyphs	5	196	197	96	AATF History • Created by the Airport and Airway Development and Revenue Act of 1970 to fi
ANG C-1 ATC-TO Core Program - HF REDAC briefing September 7 2016__pptx	19/19		19	0.00		0	0	0	0	REDAC / Human Factors FY2016 Accomplishments Air Traffic Control / Technical Operations Hu
Aerospace_Journey_of_Flight_Chapter_BCB1637572DA6__ppt	26/26	1	26	0.70	glyphs	1	2	6	1	Civil Air Patrol - Arizona Wing Aerospace Education Program for Senior Members (AEPSM) Cha
Airport Planning 09112013__ppt	9/9		9	0.00		0	0	0	0	Airport Planning Research and Development Presented to: Airport Safety R&D By: Holly Cyrus
Architecture__ppt	29/29	5	29	0.35	glyphs	1	9	8	0	Architecture – Ancient Egypt As man evolved, so did their ability to build. Ancient Egypti
B2B-Center-Readiness-and-Student-Retention__pptx	33/33	14	33	0.57	face	1	1	2	0	Center Meals: Retention Strategies • • • • • • • • 14 Best Dinner on Sunday – Boost Weeken
BHCA Part II webinar #2 - 10.2020__pptx	21/21	5	21	0.89	glyphs	2	0	1	0	Why the changes? • The Division of Insurance issued a bulletin requiring all commercial ca
BMFE-06-03 (Gerflor) Smoke Density and Toxicity__pptx	6/6	3	6	3.41	box	12	471	483	1	SMOKE TOXICITY Synthesis Classification document MARITIME RAILWAY (EU) RAILWAY (USA) AIRCR
BUS-Chapter 05__ppt	50/50	7	50	0.65	size	1	10	10	1	The Impact of the Internet ● The Internet has triggered enormous changes in business metho
BasicMed_AME_Presentation__pptx	18/18		18	0.00		0	0	0	0	Mastering the Basics of BasicMed Presented to: AMEs By: Date: March 2017 Federal Aviation 
Boeing 737 Max - Group 5__pptx	2/2		2	0.00		0	0	0	0	
COMSTAC_11_5_2021am_2__pptx	39/39	37	39	0.39	glyphs	1	0	1	0	Findings • Multiple industry groups have been involved in furthering commercial space stan
Copy of Full deck with references Promotion of Outside Interests at Work final(1)__pptx	33/33	1	33	1.07	box	0	4	7	0	RESTRICTIONS ON THE PROMOTION OF OUTSIDE PERSONAL INTERESTS IN FEDERAL WORKPLACES Sean Cro
County ACHS Presentaion Webinar 8-16-16 Peg__pptx	26/26	1	26	0.40	glyphs	1	1	2	0	DDA Employment and Day Services Webinar 1: Payment in
Course Selection 2025-26 Current Grade 09__pptx	10/10	3	10	0.44	box	1	8	147	0	OSSLT Literacy Test YOU WILL BE WRITING THE OSSLT LITERACY TEST NEXT YEAR IN GRADE 10. IF 
Curriculum-Schematic-E22-11052025__pptx	12/12		12	0.00		0	0	0	0	Academic Year 2022 – 2023 Summer Quarter Phase 1: Foundations, Term 1 E22 Summer 2022 7/21
DOE Interactive Exercise Presentation draft rev 2__pptx	10/10	1	10	2.77	glyphs	1	8	10	2	Design of Experiments Interactive Exercise th 18 Annual FAA V&V Summit Sep 28, 2023 Copyri
Definitions commodity chains__pptx	4/4		4	0.00		0	0	0	0	Global commodity chain • Definition • A type of production system characterized by • Goods
Demick_JetBlue__pptx	10/10	2	10	1.05	glyphs	28	17	29377	6	JetBlue Background Founded in February 1998 as a low cost carrier. Home base airport at 
DoIRD Meeting 16JAN14 v1-1__pptx	15/15	2	15	0.35	size	82	15	17	4	• • • • • APVs Would Bring Significant Safety Benefits 1993: Seven deaths, including schoo
EG1_dsrc tech__ppt	26/26	8	26	2.88	glyphs	1	22	55	0	EFC DSRC interoperability  Principle approaches to technical interoperability to update t
Employment-Based_I-485__ppt	42/42	9	42	0.61	size	1	18	490	3	Rules of Chargeability  The visa for an Employment-Based adjustment applicant will be cha
Ensemble-pour-l-amelioration-de-la-securite-de-lac-AIRBUS__pptx	9/9		9	0.00		0	0	0	0	08/08/2026 Annamaria BACCO, Maury SECK Airbus Safety Travaillons ensemble pour l ’ameliora
FAAAIandtheArtandScienceofV&Vfinal__pptx	30/30	5	30	0.43	glyphs	26	0	3	0	Why ML? - SOTA from AI Index 2021 ML continues to advance in a broad range of applications
FAA_Form_337__ppt	67/67	2	67	3.07	colour	0	3	6	0	US. Department of Transportation Federal Aviation Administration
FIT26-Presentation-Airservices-Update__pptx	11/11	3	11	2.30	one-sided	0	0	3	0	Dependent Projects
FIT26-Presentation-PR-Briefing-Debrief-Airbus__pptx	9/9		9	0.00		0	0	0	0	Airbus FANS Problem Reports - Debrief ISPACG33 / FIT26 – New-Zealand Jean-François BOUSQUI
Framing Europe__ppt	24/24	2	24	0.79	glyphs	57	4	167	8	Defining framing  “Frames are organizing principles that are socially shared and persiste
Fundamentals_Module_1_basics__ppt	26/26	6	26	0.40	glyphs	1	746	3	0	Safety in aviation What we understand: – Our record is a good one. – Why Change? Federal A
G-InvoicingKeithJarboe__pptx	13/13	1	13	4.99	glyphs	1	1	1	0	G-Invoicing Program Update Keith Jarboe Bureau of the Fiscal Service July 11, 2019
HENTZEN_COMPOSITE_MATERIALS_IN_THE_AEROSPACE_INDUSTRY__pptx	12/12	4	12	2.05	one-sided	0	1	2	0	Boeing 787
ITE106-Chapter 4__ppt	47/47	1	47	1.06	glyphs	10	4	7	0	Eastern Mediterranean University ITEC106 Lecture IV – Internet Technologies for Teaching a
Inducement-to-Insurance-Business__ppt	22/22	2	22	0.46	glyphs	17	15	66	3	Real Estate Professionals (RESPA/ IDOI) FAQ Inducements IDOI (Bulletin 158) and ( Bulletin
Intersil_Italy_CAN_Bus_Transceiver_Presentation_Final__pptx	39/39	4	39	0.41	face	46	3	2	0	ISL7202xSEH (legacy): RH 3.3V CAN Bus Transceiver Family • Released the First Class V Rad 
Item 6b - UNSD - Dissemination through APIs__pptx	10/10		10	0.00		0	0	0	0	Building the solution for NRPs : innovative approaches and technologies Dissemination thro
JesuitAssocOfStudentPersonnel__ppt	31/31	7	31	0.40	size	6	0	44	2	NIAAA Task Force on College Drinking • Goals – Source of new, comprehensive analysis and d
John_Broggio__RSS_Campion_event_John_Broggio__pptx	25/25	3	25	1.25	glyphs	15	4	7	1	Why are cancer survival statistics important? • One of the key measures of the effectivene
Lepore__ppt	20/20	1	20	1.68	glyphs	23	6	7	0	Report to COMSTAC of the Space Transportation Operations Working Group Presented to: COMST
Liturgical-Commission-2025-Convention-Presentation__pptx	9/9		9	0.00		0	0	0	0	Responsibilities Plan Diocese-wide Services • Chrism Eucharist • Annual Convention Euchari
N2_E_Maestroni_Swarm_COP__pptx	30/30	3	30	0.47	glyphs	75	14	1	0	Commissioning Operational Timeline, the Inputs 1. Satellite prime (Airbus DS) documentatio
NAS-Infrastructure-Roadmaps-HSI__pptx	9/9	4	9	1.71	glyphs	30	477	774	138	Human Systems Integration Roadmap (1 of 3) CY 2022 2023 2024 2025 2026 2027 2028 2029 2030
NAS-Infrastructure-Roadmaps-Weather__pptx	11/11	4	11	2.86	glyphs	50	11	133	51	Weather Roadmap (1 of 4) CY 2022 2023 2024 2025 2026 2027 2028 2029 2030 2031 2032 2033 20
NAS-Infrastructure-Roadmaps-v16.0__pptx	137/137	4	137	4.71	glyphs	1	157	2	0	Overview of CY2022 Decision Points 4 BASELINE NAS Enterprise Architecture Infrastructure R
NCW-2024-Guide-__pptx	1/1	1	1	0.35	glyphs	33	19	40	3	National Careers Week (4th-8th March) Resource guide Events NCW Virtual careers fair event
NWD-GLA-Community-Outreach-Day-Oct-2025__pptx	13/13		13	0.00		0	0	0	0	Official No Wrong Door South London: Integration Hub South London Partnership Information 
OnTrac_StarCertificationProgram-3Day__pptx	15/15	6	15	0.44	glyphs	24	55	69	34	6 Modules – Topics Covered 1. TEAM LEADER JOBS 2. PERFORMANCE MEASUREMENT  Why Performanc
PAL Block Intro 2023__pptx	20/20	12	20	1.21	glyphs	2	1	7	1	SP and Research Hours in the PAL Block - Stapczynski 1. We strongly encourage you to use P
PRM_training__pptx	22/22	2	22	0.86	face	31	13	24	2	PRM Approaches to Closely Spaced Runways { • PRM approaches are independent, simultaneous 
Presentation - Identify Components of the Airport (1)__pptx	12/12		12	0.00		0	0	0	0	Identify the Different Components of an Airport Lecture Guide in support of STEM ACTIVITY:
REDAC Briefing_SSIT_CARA_08132014.ppt__pptx	14/14	6	14	0.98	glyphs	13	25	2	0	Participating Airports GEG MHT BOS RNO SJC LGB SAN DFW RWSL Airports LCGS Airports SRA Pro
REDAC HF briefing Sep 2016_LARD_ATC_TO_FE_v2__pptx	18/18		18	0.00		0	0	0	0	Federal Aviation Administration REDAC / HF Review Existing Portfolio Activities and Plans 
REDAC briefing March12-13-2014jemvbFINAL.ppt__pptx	25/25	24	25	0.49	glyphs	1	0	1	0	Description: UAS Integration into the NAS Mature concept of operations for UAS integration
RESPA_-_Section_8_Webinar__ppt	35/35	1	35	0.37	glyphs	1	21	3	0	SECTION 8: KICKBACKS AND FEE SPLITTING BY: DIMITRIS ROUSSEAS, DEPUTY GENERAL COUNSEL KNOWL
ROK-PI Climate Bulletin - Edition 2017-06__pptx	2/2		2	0.00		0	0	0	0	Republic of Korea-Pacific Islands Climate Prediction Services Project Consensus Rainfall F
RPA P4 - Advanced Material__pptx	20/20	3	20	2.70	size	1	2100	243	0	Heated Pavements Program Heated Pavement Program 2010 Prototype Geothermal Heated Pavement
RRM-training-syllabus-Chapter-3-Teamwork-TC-Towing-Incident-Analysis-Dec-2009__ppt	27/27	1	27	0.49	face	1	5	8	2	Ground Incident Review Transport Canada Safety Management Systems -SMS Information Session
Ramp Up Campaign - French__pptx	6/6	2	6	0.53	one-sided	0	16	17	1	Quels contenus •?Définition organisationnelle de « Soyez Prêts » et « Restez en Forme» • M
Reporting_responsibilities_matrix__pptx	268/268	2	268	0.51	glyphs	72	8	2	0	Disclaimer The content of this course is for training purposes only. All information provi
SRDMG(16)024_60 GHz onboard airplanes__pptx	26/26	10	26	0.58	size	33	610	29	1	Aircraft Window Attenuation ITU-R REC M.2238 attenuation values did not account for attenu
Sean Monogue__pptx	15/15		15	0.00		0	0	0	0	Missile Technology Control Regime (MTCR) Sean Monogue Office of Missile, Biological, and C
Sector_Skills_Insights_Advanced_Manufacturing_summary_slide_pack__pptx	24/24	9	24	0.41	glyphs	17	2	3	0	The performance challenge Productivity The sector is being outperformed on the world stage
Session 21- The option to expand & abandon__pptx	12/12	7	12	0.46	one-sided	0	434	267	1	Opportunities are not Options… Aswath Damodaran
Session-1-Presentation-Reporting-Forms-Form-12-final__pptx	15/15		15	0.00		0	0	0	0	TRUST AND CORPORATE SERVICES PROVIDERS STREAMLINING COMPLIANCE: INTRODUCING THE REPORTING 
Snowbirds_High_Show__pptx	41/41	2	41	0.46	one-sided	0	1	2	0	
Stakeholders-v08052017 - v5__pptx	13/13		13	0.00		0	0	0	0	ServiceNow Implementation Project Campus Stakeholders and UIT Change Champions Meeting Oct
Statement of Work presentation__pptx	10/10	8	10	0.71	size	26	13	14	2	STATEMENT OF WORK OUTLINE 5. PRICE SUMMARY IDENTIFY PRICING UNIT PRICING, TIME AND MATERI
Structural Testing__pptx	89/89	19	89	1.27	one-sided	0	5	39	1	What is coverage? • 19
Sylva%20introduction%20session__pptx	15/15	5	15	0.43	glyphs	1	4	5	0	W G 0 3 S e c u r i t y A n a l y s i s U P D AT E #CNF Security Guidelines #Cloud Securit
Tax factsheet 2022 (1)__pptx	27/27	2	27	0.53	glyphs	1	11	12	2	Airbus Amber Rules applicable for restricting Pensions Tax Relief - 2022 ● Annual Allowanc
Technical_Report_Elements[1]__pptx	39/39	22	39	1.73	glyphs	6	3	4	3	Text: Summary • States the problem, method of investigation, conclusions, and recommendati
Thailand17__ppt	54/54	1	54	1.28	one-sided	0	1	12	2	GUIDING PRINCIPLES OF THE RICHARD H. HAGEMEYER PACIFIC TSUNAMI WARNING CENTER Charles S. M
Trust Fund Excise Taxes Structure__pptx	1/1		1	0.00		0	0	0	0	Trust Fund Excise Taxes Structure (Taxpayer Relief Act of 1997, Public Law 105-34) Trust F
W3_Case_Study_of_a_Tsunami_Warning_Simulation_Exercise_Ed__ppt	20/20	4	20	0.90	face	1	5	14	2	PTWC KEY OPERATIONAL ACTIVITIES • SEISMIC DATA COLLECTION & ANALYSES • SEA LEVEL MEASUREME
WC_Update-Aug03__ppt	11/11		11	0.00		0	0	0	0	WestConnect RTO-ACC Update September 2, 2003 Cary Deise APS
WiGr_2021W_1_Angebot-Nachfrage-Elastizität-211017-171222__pptx	51/51	10	51	1.62	box	26	41	46	11	Grundlegende Marktformen Nachfragende Anbietende Anzahl 1 1 bilaterales Monopol viele Nach
Wildlife for REDAC September 11__pptx	41/41	2	41	0.35	glyphs	23	5	2	0	Wildlife Hazard Mitigation (RPD 150) Topics: 1. Data and Information Systems 2. Wildlife M
[Christophe]NLP_reseau_inge_stat__pptx	17/17	11	17	0.72	box	1	36	44	0	Results – May 18: F2 score on PersonName NC NC Doc TR TR Doc QSR Pre-QSR Regex 89 Regex + 
_1___Opatrny_Ales_United_Kingdom_business_opportunities_final__pptx	25/25	19	25	0.74	glyphs	87	51	19	0	1 9 Export opportunities: information sources Web page of the Embassy in London: https:// 
airbus-powerpoint-presentation-2019-20-without-video_diy_2019-20__pptx	38/38	1	38	0.35	one-sided	0	0	1	0	The IET Faraday Challenge Day
architecture6__ppt	31/31	11	31	0.50	one-sided	0	1	3	1	The organization of the Model-View-Controller Chapter 6 Architectural design 11
attendance-updates-for-governors__pptx	30/30		30	0.00		0	0	0	0	Working Together to Improve School Attendance. DfE • Published Feb 2024Guidance – Applies 
berlin__ppt	29/29	2	29	0.46	face	1	6	69	2	Traditional distributed computing: client/server Server Client Client Internet Client Clie
bitesize-writing-a-report__pptx	15/15	12	15	1.04	colour	0	63	670	0	Clear information Before After Figure 1: Uranium Production 2015 Figure 1: Uranium Product
c_291533__pptx	19/19		19	0.00		0	0	0	0	OLTL Updates LTSS Sub-MAAC Meeting August 13, 2019 08/08/2026 1
chapter_4_0__pptx	54/54	1	54	1.25	glyphs	12	1733	80	0	Chapter 4: Project Integration Management Information Technology Project Management, Seven
concepts-surrounding-cloud-computing-carolyn-kranz-and-rich-prem-gb-seattle-2011__ppt	36/36	4	36	0.65	size	0	23	155	6	New Technology Models Cloud Computing – “Cloud computing is a model for enabling convenien
dhs-293364__pptx	39/39	9	39	0.37	glyphs	2	1	2	0	ESTATE COLLECTIONS Obligation type and Description and when to use: EA: Estate Affidavit –
diapo_6_fees_vous_etes_poctdoct_exterieur_a_luniv_v2_0_1__pptx	1/1	1	1	0.67	glyphs	56	14	3	0	Vous êtes post-doctorant ou extérieur à l’Université Vous devez vous enregistrer au servic
ev122_jj-liew-tort-of-bribery-webinar__pptx	24/24	16	24	1.10	glyphs	14	16	15	3	Remedies - restitutionary  Money had and received in the value of the bribe – joint and s
fishbone-diagram-template-ppt-1__pptx	1/1		1	0.00		0	0	0	0	Fishbone Diagram Category 1 Step 1 Write the problem (or the effect) at the mouth of the f
flying-by-numbers-presentation__pptx	10/10	1	10	0.40	glyphs	1	0	1	0	Flying by Numbers with the lift equation Using and rearranging the lift calculation
gfopportunitiesforlinkagespres_2010_en__ppt	27/27	8	27	0.43	one-sided	0	15	16	0	Opportunities for SRH-HIV Linkages: Dual-Track Financing • Non-government sector is infreq
ghgp-supply-chain-initiative_20100323_wri__pptx	52/52	1	52	0.45	glyphs	25	9	5	1	Accounting For GHG Emissions In Corporate and Product Supply Chains INTERNATIONAL WORKSHOP
gillikin_online_user_mtg_2010__ppt	40/40	2	40	0.85	size	11	3	56	0	Presentations  David Gillikin: Online Update  Loren Frant: MedlinePlus & Go Local  Mari
hofman__ppt	13/13	12	13	0.50	size	1	10	12	1	Conclusions • Tension between what is available and what is needed • Interdisciplinary app
iaeg_work_group_leader_updates__pptx	1/1		1	0.00		0	0	0	0	IAEG at a glance Board of Directors Chair: Sally Gestautas, Raytheon Vice Chair: Pascal Fr
iep-amount-frequency-for-webinar__ppt	39/39	7	39	0.94	box	0	7	9	0	“Special Education” is  Specially designed instruction to meet the unique needs of a stud
introduction_to_bea_tuxedo__ppt	40/40	7	40	1.06	glyphs	1	6	8	0	T.U.X.E.D.O. Transactions under UniX Extended for Distributed Operations Introduction to B
iris07.12.12__pptx	21/21		21	0.00		0	0	0	0	IRIS Guidelines Update September 2012 Revision of the original 1998 IRIS Guidelines www.ir
item_3-environmental_process_briefing__pptx	12/12	6	12	0.99	one-sided	0	1	2	0	MSP Arrival Procedure Amendments
joint_user_outcomes_michael_fullerton_29.06.12__ppt	20/20	2	20	0.42	glyphs	45	0	6	0	Background Context of the Service The integrated CMHTs for older people provides a special
manufacturing_process_simulation_working_group_overview_2023__pptx	7/7	2	7	0.81	glyphs	86	47	43	0	Manufacturing Process Simulation (MANWG) • The NAFEMS Manufacturing Process Simulation Wor
medicines_bulletin_february_2023_final__pptx	1/1	1	1	0.44	glyphs	90	64	16	1	BCHS Pharmacy Team Medicines Bulletin (February 23) Learning from BCHS Medication Good Pra
nabiyeleul_1_aviation_service_28_july_2020__pptx	9/9	1	9	1.35	size	11	15	47	20	WEBINAR ON: SKILLS FOR ECONOMIC DIVERSIFICATION IN CENTRAL AFRICA: LEVERAGING EXPERIENCES 
order-of-worship-ppt-revised-2018__pptx	28/28	1	28	5.51	glyphs	20	0	2	0	Understanding the A.M.E. Linnell Baker, WCC Director of Lay Activities (DOLA) 9/29/18
outlook_of_nigerian_pension_sector__ppt	12/12	9	12	0.46	size	1	26	27	6	Outlook of the Nigerian Pension System  Key Assumptions     Continuation of Economic 
passiv__pptx	21/21	6	21	1.49	glyphs	16	9	19	2	Passiv passive voice Wortstellung: Word order: Position 2 Er wurde Ende im Restaurant wurd
pods05__ppt	60/60	5	60	0.57	box	1	30	35	0	Web Applications Hacker Browser Evil Input Web App Database Confidential information leak
policy-pesentation__ppt	16/16		16	0.00		0	0	0	0	USDC Seafood Inspection Program Policy on Filtered Smoke Process
pres_ioc_phuket__ppt	26/26	1	26	0.41	glyphs	15	2	96	3	Towards a Tsunami Warning and Mitigation System in the Indian Ocean IOC of UNESCO
redac-fullComm-201705-EE-FRs-briefing__pptx	8/8	2	8	0.39	size	1	0	29361	0	E&E REDAC Subcommittee February 28 – March 1, 2017 Meeting Focus: Review R&D portfolio d
redac-nasops-201503-RIRP-portfolio-update__pptx	46/46	28	46	0.65	face	31	10	16	1	SASS Design Features Phased Array Antenna Software Defined Radio TCAS Interrogator • 0.4 
redac-sas-201403-ppt-portfolio-rev-sim__pptx	14/14	6	14	0.48	glyphs	34	35	242	0	SIM-TCRG Research Portfolio Emerging Emerging Technologies Technologies Efficient use of F
redac-sas-201509-asisp-research__pptx	45/45	4	45	0.35	glyphs	11	3	2	0	A Paradigm Shift in Aviation Safety Risk  ASISP challenges do not match the standard AIR 
redac-sas-201703-hf-research-division__pptx	13/13	8	13	1.10	one-sided	0	1	9	0	Capabilities Federal Aviation Administration 9
schematicplay__pptx	21/21	12	21	0.64	glyphs	41	5	4	1	What is rotational? Children with a rotational schema display a preference for turning tap
schematicplaymar21__pptx	21/21	12	21	0.64	glyphs	41	5	4	1	What is rotational? Children with a rotational schema display a preference for turning tap
section_1_our_rights_presentation__pptx	30/30	9	30	0.41	glyphs	61	46	31	4	1.1 Pae Ora/Healthy futures cont… Criteria Description 1.1.3 (New) My service provider sha
servicedesk-plus-overviewfinal__pptx	66/66	7	66	0.40	glyphs	1	3	1	0	Service manageme with nt ManageEngine IT & enterprise service management Service managemen
social-media-app-bulletin-january__pptx	4/4	3	4	5.84	glyphs	7	0	1	0	Social Media APP Bulletin Chatrandom is a live streaming website much like the popular sit
solog_orientation_august_2019__pptx	15/15	5	15	1.96	glyphs	1	53	58	7	Getting Started NEW Student Information • Orientation • Housing • Health Insurance • Tuiti
southern-classic-kennesaw-state-university-final__pptx	23/23	2	23	0.88	glyphs	7	309	146	8	◘◘◘◘◘ Recommendation: HOLD Delta Airlines, Inc. (NYSE: DAL) ◘ Market Data Delta Airlines P
undp_presentation_revised_17_may__ppt	22/22	2	22	1.37	size	2	12	15	1	Outline I. UNDP’s Position II. UNDP Mandate, Structure, and Decision-Making Process III. U
vv_summit_SAIC-PRESENTATION_FAA-V&V-Summit_508c__pptx	19/19	7	19	0.69	size	1	7	5	0	Supporting Concepts Complex Adaptive Systems 7 Cynefin sense-making framework (David Snowd
vvsummit2022-Research-Roadmap-and-the-UML-3-Operational-Integration-Assessment__pptx	33/33	1	33	0.36	glyphs	1	1	2	0	Research Roadmap and the UML-3 Operational Integration Assessment Theory and Practice for 
vvsummit2022-SAIC-PRESENTATION__pptx	19/19	7	19	0.69	size	1	7	5	0	Supporting Concepts Complex Adaptive Systems 7 Cynefin sense-making framework (David Snowd
wells08_basic__ppt	27/27	2	27	0.39	glyphs	4	13	19	3	Chapter Outline I. Chapter Key Points II. The Media Industry III. Basic Media Concepts IV.
wopanets-innovationdays-06-16__pptx	15/15		15	0.00		0	0	0	0	WoPANets: Decision-support Tool for real-time Networks Design Ahlem Mifdaoui 09-06-2016 In
ws_prod-g-doc-Events-2007-Approval-of-Flight-Conditions-RM-NAA-16032007__ppt	14/14	8	14	0.65	size	1	27	26	10	European Aviation Safety Agency Fast Track vs Normal Track (Cont.) Fast Track (2) Normal T
ws_prod-g-doc-Events-2007-Privileges__ppt	15/15	2	15	0.64	width	6	2	23	0	European Aviation Safety Agency Approval of Flight Conditions 2 Related to safety of the d
ws_prod-g-doc-Events-2007-may-presentation-PtF-background-+-principles__ppt	20/20	5	20	0.39	glyphs	6	13	17	0	European Aviation Safety Agency Current rules (contd.) Restricted C of A Normal case: base
ws_prod-g-doc-Events-2007-november-IACA-presentation-at-EASA-Fuel-Tank-Safety-Training-Seminar__ppt	10/10		10	0.00		0	0	0	0	EASA Fuel Tank Safety Training Seminar Presentation on behalf of IACA Steve Sells Airworth
ws_prod-g-doc-Events-2007-september-M.017-(French)-France__ppt	55/55	2	55	0.48	glyphs	5	11	15	0	European Aviation Safety Agency Règlements en vigueur Le 20 Novembre 2003 la Commission Eu
ws_prod-g-doc-Events-2007-september-MDM.032-(ENGLISH)-CZ__ppt	38/38	19	38	0.40	size	6	25	31	4	European Aviation Safety Agency The concept: description Pilot licensing: Create a Europea
ws_prod-g-doc-Events-2008-February-5-NATO-activities__ppt	13/13	7	13	3.01	face	1	0	116	2	STANAG 4670 - DUO Training Requirements • Designated UAV Operator • Lists skills by – Subj
ws_prod-g-doc-Events-Part-M-presentation__ppt	30/30	7	30	0.42	glyphs	6	16	22	0	European Aviation Safety Agency Structure of Annex I (Part-M) to Regulation 2042/2003 Sect
ws_prod-g-doc-Events-industrymeeting18112004-Aercap__ppt	12/12	4	12	0.53	size	52	17	23	8	Introduction to AerCap  Formerly known as debis AirFinance; established November ’95  Co
ws_prod-g-doc-Events-industrymeeting18112004-European-Safety-Strategy-Initiative__ppt	10/10	5	10	0.99	glyphs	6	6	12	2	European Aviation Safety Agency Safety Loop Safety Management System CAST / JSSI / RASTs M
ws_prod-g-doc-Events-r-6.-ESM__ppt	25/25	2	25	0.52	size	35	5	12	4	Verband Deutscher Segelflugzeughersteller e.V. European Glider Manufacturers and Suppliers
