<?xml version="1.0"?>
<project
	xmlns:xsi="http://www.w3.org/2001/XMLSchema-instance"
  xsi:noNamespaceSchemaLocation="http://maven.apache.org/xsd/maven-project-3.0.0.xsd">
  <pomVersion>3</pomVersion>
  <id>jfreereport</id>
  <name>JFreeReport</name>
  <groupId>jfree</groupId>
  <currentVersion>@VERSION@</currentVersion>
  <organization>
    <name>JFree.org</name>
    <url>http://www.jfree.org/</url>
  </organization>
  <inceptionYear>2001</inceptionYear>

  <description>
    JFreeReport is a free Java report library, distributed under the terms
    of the GNU Lesser General Public License (see license-LGPL.txt for
    details). 
  </description>

  <shortDescription>A java reporting library.</shortDescription>

  <url>http://www.jfree.org/jfreereport/</url>
  <issueTrackingUrl>http://sourceforge.net/tracker/?group_id=51669</issueTrackingUrl>

  <repository>
    <connection>
      scm:cvs:pserver:anonymous@cvs.sourceforge.net:/cvsroot/jfreereport:jfreereport
    </connection>
    <url>
      http://cvs.sourceforge.net/viewcvs.py/jfreereport/jfreereport
    </url>
  </repository>

  <mailingLists>
    <mailingList>
      <name>JFreeReport Developer List</name>
      <subscribe>
        jfreereport-developers-request@lists.sourceforge.net?subject=subscribe
      </subscribe>
      <unsubscribe>
        jfreereport-developers-request@lists.sourceforge.net?subject=unsubscribe
      </unsubscribe>
      <archive>
        http://sourceforge.net/mailarchive/forum.php?forum=jfreereport-developers
      </archive>
    </mailingList>
  </mailingLists>

  <developers>
    <!--
    For an up to date list of developers and contributors have a look at
    the project info implementations.
    -->
  </developers>

  <licenses>
    <license>
      <name>GNU Lesser General Public Licence</name>
      <url>http://www.gnu.org/licenses/lgpl.txt</url>
      <distribution>repo</distribution>
    </license>
  </licenses>

  <dependencies>
    <dependency>
      <groupId>jfree</groupId>
      <artifactId>jcommon</artifactId>
      <version>@JCOMMON.VERSION@</version>
      <url>http://www.jfree.org/jcommon/</url>
    </dependency>

    <dependency>
      <groupId>jfree</groupId>
      <artifactId>jcommon-xml</artifactId>
      <version>@JCOMMON.VERSION@</version>
      <url>http://www.jfree.org/jcommon/</url>
    </dependency>

    <dependency>
      <groupId>jfree</groupId>
      <artifactId>pixie</artifactId>
      <version>0.8.4</version>
      <url>http://www.jfree.org/pixie/</url>
    </dependency>

    <dependency>
      <groupId>bsf</groupId>
      <artifactId>bsf</artifactId>
      <version>2.3.0</version>
      <url>http://jakarta.apache.org/bsf</url>
    </dependency>

    <dependency>
      <groupId>bsh</groupId>
      <artifactId>bsh</artifactId>
      <version>1.3.0</version>
      <url>http://www.beanshell.org/</url>
    </dependency>

    <dependency>
      <groupId>gnujaxp</groupId>
      <artifactId>gnujaxp</artifactId>
      <version>1.0.0</version>
      <url>http://www.gnu.org/software/classpathx/jaxp/jaxp.html</url>
    </dependency>
    
    <dependency>
      <groupId>itext</groupId>
      <artifactId>itext</artifactId>
      <version>1.2.3</version>
      <url>http://www.lowagie.com/iText/</url>
    </dependency>
    
    <dependency>
      <groupId>poi</groupId>
      <artifactId>poi</artifactId>
      <version>2.5.1-final-20040804</version>
      <url>http://jakarta.apache.org/poi/</url>
    </dependency>
    
  </dependencies>

  <build>
    <!-- We don't use Maven as build system. -->
  </build>
</project>

