277.03	NAS-Infrastructure-Roadmaps-v16.0__pptx
68.97	Reporting_responsibilities_matrix__pptx
62.91	Thailand17__ppt
56.28	Wildlife for REDAC September 11__pptx
36.14	ITE106-Chapter 4__ppt
33.34	2015-Civil-Rights-Website-training__ppt
32.22	8.16_AOD_FINAL_Provider_Training_Presentation_9_2009__ppt
27.12	Demick_JetBlue__pptx
24.63	Framing Europe__ppt
24.37	16 - UTM - (NASA)__pptx
21.93	southern-classic-kennesaw-state-university-final__pptx
20.95	ghgp-supply-chain-initiative_20100323_wri__pptx
20.20	ws_prod-g-doc-Events-2007-september-M.017-(French)-France__ppt
19.39	2014BSA_Sunday_Killion__pptx
18.97	Snowbirds_High_Show__pptx
17.83	ws_prod-g-doc-Events-industrymeeting18112004-European-Safety-Strategy-Initiative__ppt
17.64	B2B-Center-Readiness-and-Student-Retention__pptx
17.38	undp_presentation_revised_17_may__ppt
17.30	171128IPAP__pptx
16.88	8_P-Pavese_AIRBUS-ATB-journee-CRATB__pptx
16.39	pods05__ppt
16.06	vvsummit2022-Research-Roadmap-and-the-UML-3-Operational-Integration-Assessment__pptx
15.77	airbus-powerpoint-presentation-2019-20-without-video_diy_2019-20__pptx
15.69	chapter_4_0__pptx
15.59	Aerospace_Journey_of_Flight_Chapter_BCB1637572DA6__ppt
15.21	pres_ioc_phuket__ppt
15.14	FAA_Form_337__ppt
14.97	Intersil_Italy_CAN_Bus_Transceiver_Presentation_Final__pptx
14.18	NAS-Infrastructure-Roadmaps-Weather__pptx
13.72	Architecture__ppt
13.10	architecture6__ppt
12.78	flying-by-numbers-presentation__pptx
12.76	servicedesk-plus-overviewfinal__pptx
12.42	County ACHS Presentaion Webinar 8-16-16 Peg__pptx
12.33	section_1_our_rights_presentation__pptx
11.60	ws_prod-g-doc-Events-2008-February-5-NATO-activities__ppt
11.13	1-secretariat__ppt
11.05	RPA P4 - Advanced Material__pptx
11.04	gillikin_online_user_mtg_2010__ppt
10.94	Structural Testing__pptx
10.73	Technical_Report_Elements[1]__pptx
10.38	berlin__ppt
10.35	RRM-training-syllabus-Chapter-3-Teamwork-TC-Towing-Incident-Analysis-Dec-2009__ppt
10.16	OnTrac_StarCertificationProgram-3Day__pptx
10.04	Sector_Skills_Insights_Advanced_Manufacturing_summary_slide_pack__pptx
9.98	gfopportunitiesforlinkagespres_2010_en__ppt
9.92	71393_pp7__ppt
9.89	order-of-worship-ppt-revised-2018__pptx
9.79	dhs-293364__pptx
9.27	JesuitAssocOfStudentPersonnel__ppt
9.08	EG1_dsrc tech__ppt
9.03	iep-amount-frequency-for-webinar__ppt
9.03	3495__pptx
8.84	W3_Case_Study_of_a_Tsunami_Warning_Simulation_Exercise_Ed__ppt
8.69	Fundamentals_Module_1_basics__ppt
8.62	Employment-Based_I-485__ppt
8.45	WiGr_2021W_1_Angebot-Nachfrage-Elastizität-211017-171222__pptx
8.16	concepts-surrounding-cloud-computing-carolyn-kranz-and-rich-prem-gb-seattle-2011__ppt
8.13	introduction_to_bea_tuxedo__ppt
7.55	redac-sas-201509-asisp-research__pptx
7.42	G-InvoicingKeithJarboe__pptx
7.26	3492__pptx
7.23	080214-Intl-pol-frameworks-and-their-implications-for-Africa-ISS-workshop__ppt
7.20	ws_prod-g-doc-Events-r-6.-ESM__ppt
7.12	redac-nasops-201503-RIRP-portfolio-update__pptx
7.05	wells08_basic__ppt
7.02	FIT26-Presentation-Airservices-Update__pptx
6.90	RESPA_-_Section_8_Webinar__ppt
6.79	BUS-Chapter 05__ppt
6.64	social-media-app-bulletin-january__pptx
6.31	HENTZEN_COMPOSITE_MATERIALS_IN_THE_AEROSPACE_INDUSTRY__pptx
6.12	30-04-2021 merged NDoH and NICD_Presentation HBV BD meeting 05May2021_1__pptx
6.00	Copy of Full deck with references Promotion of Outside Interests at Work final(1)__pptx
5.93	_1___Opatrny_Ales_United_Kingdom_business_opportunities_final__pptx
5.87	010605Vul__ppt
5.78	REDAC HF briefing Sep 2016_LARD_ATC_TO_FE_v2__pptx
5.77	PRM_training__pptx
5.74	ev122_jj-liew-tort-of-bribery-webinar__pptx
5.18	Lepore__ppt
5.17	FAAAIandtheArtandScienceofV&Vfinal__pptx
5.07	joint_user_outcomes_michael_fullerton_29.06.12__ppt
4.97	10. Drawings, circuit diagrams and schematics__pptx
4.92	REDAC Briefing_SSIT_CARA_08132014.ppt__pptx
4.66	schematicplay__pptx
4.63	schematicplaymar21__pptx
4.59	ws_prod-g-doc-Events-2007-september-MDM.032-(ENGLISH)-CZ__ppt
4.50	REDAC briefing March12-13-2014jemvbFINAL.ppt__pptx
4.46	vv_summit_SAIC-PRESENTATION_FAA-V&V-Summit_508c__pptx
4.45	vvsummit2022-SAIC-PRESENTATION__pptx
4.42	John_Broggio__RSS_Campion_event_John_Broggio__pptx
4.27	attendance-updates-for-governors__pptx
4.15	COMSTAC_11_5_2021am_2__pptx
3.97	nabiyeleul_1_aviation_service_28_july_2020__pptx
3.96	Inducement-to-Insurance-Business__ppt
3.91	passiv__pptx
3.86	97936__pptx
3.85	DOE Interactive Exercise Presentation draft rev 2__pptx
3.76	BMFE-06-03 (Gerflor) Smoke Density and Toxicity__pptx
3.71	ws_prod-g-doc-Events-Part-M-presentation__ppt
3.71	solog_orientation_august_2019__pptx
3.68	N2_E_Maestroni_Swarm_COP__pptx
3.48	NAS-Infrastructure-Roadmaps-HSI__pptx
3.48	7-Zulkefli_Part147n66_IKMAS__pptx
3.41	redac-sas-201403-ppt-portfolio-rev-sim__pptx
3.23	0335fab9-79f0-4944-b92c-f223837ca2d8__ppt
3.11	redac-sas-201703-hf-research-division__pptx
3.08	bitesize-writing-a-report__pptx
3.02	SRDMG(16)024_60 GHz onboard airplanes__pptx
2.81	BHCA Part II webinar #2 - 10.2020__pptx
2.78	ws_prod-g-doc-Events-2007-may-presentation-PtF-background-+-principles__ppt
2.74	ws_prod-g-doc-Events-2007-Privileges__ppt
2.67	redac-fullComm-201705-EE-FRs-briefing__pptx
2.54	c_291533__pptx
2.50	AATF-Fact-Sheet-2025__pptx
2.43	PAL Block Intro 2023__pptx
2.35	Course Selection 2025-26 Current Grade 09__pptx
2.28	DoIRD Meeting 16JAN14 v1-1__pptx
2.27	Tax factsheet 2022 (1)__pptx
2.24	02_REDAC_New ATM briefing _March 2017v2__pptx
2.22	ws_prod-g-doc-Events-2007-Approval-of-Flight-Conditions-RM-NAA-16032007__ppt
2.21	outlook_of_nigerian_pension_sector__ppt
2.20	manufacturing_process_simulation_working_group_overview_2023__pptx
2.08	ws_prod-g-doc-Events-industrymeeting18112004-Aercap__ppt
2.06	Statement of Work presentation__pptx
1.96	hofman__ppt
1.93	Session-1-Presentation-Reporting-Forms-Form-12-final__pptx
1.91	429_BLISc 2019 IInd Sem.  PAPER-7 UNIT 3__pptx
1.82	Sylva%20introduction%20session__pptx
1.67	Sean Monogue__pptx
1.57	Stakeholders-v08052017 - v5__pptx
1.46	5b_upasana_dasgupta_-_liability_and_registration__pptx
1.44	FIT26-Presentation-PR-Briefing-Debrief-Airbus__pptx
1.42	Ramp Up Campaign - French__pptx
1.40	ANG C-1 ATC-TO Core Program - HF REDAC briefing September 7 2016__pptx
1.33	Session 21- The option to expand & abandon__pptx
1.16	1_Country-Updates_DRC_English__pptx
1.14	item_3-environmental_process_briefing__pptx
1.12	23-session-2-pptx__pptx
1.10	wopanets-innovationdays-06-16__pptx
1.07	BasicMed_AME_Presentation__pptx
1.03	[Christophe]NLP_reseau_inge_stat__pptx
1.01	WC_Update-Aug03__ppt
0.85	Airport Planning 09112013__ppt
0.82	iris07.12.12__pptx
0.82	1200-Assigning-Club-officers__pptx
0.81	Presentation - Identify Components of the Airport (1)__pptx
0.76	diapo_6_fees_vous_etes_poctdoct_exterieur_a_luniv_v2_0_1__pptx
0.66	ws_prod-g-doc-Events-2007-november-IACA-presentation-at-EASA-Fuel-Tank-Safety-Training-Seminar__ppt
0.57	NWD-GLA-Community-Outreach-Day-Oct-2025__pptx
0.51	Item 6b - UNSD - Dissemination through APIs__pptx
0.49	Curriculum-Schematic-E22-11052025__pptx
0.47	Ensemble-pour-l-amelioration-de-la-securite-de-lac-AIRBUS__pptx
0.46	medicines_bulletin_february_2023_final__pptx
0.35	NCW-2024-Guide-__pptx
0.33	iaeg_work_group_leader_updates__pptx
0.22	111006 COMSTAC STOWG Aero spaceports IFG__pptx
0.16	Liturgical-Commission-2025-Convention-Presentation__pptx
0.15	policy-pesentation__ppt
0.15	Boeing 737 Max - Group 5__pptx
0.12	Trust Fund Excise Taxes Structure__pptx
0.10	Definitions commodity chains__pptx
0.07	ROK-PI Climate Bulletin - Edition 2017-06__pptx
0.04	fishbone-diagram-template-ppt-1__pptx
