sheets/batch-001/xls/Airplanes-MTOW.xls	same
sheets/batch-001/xls/REDAC_SCHEDULE_RPD_135.xls	same
sheets/batch-001/xls/RPD 155 REDAC SCHEDULE 2014-04-02.xls	same
sheets/batch-001/xlsx/16424782563923.xlsx	same
sheets/batch-001/xlsx/ExampleWhiteListData.xlsx	same
sheets/batch-001/xlsx/FMMO_NMPF_37C.xlsx	same
sheets/batch-001/xlsx/Geo_Abschlussarbeiten.xlsx	same
sheets/batch-001/xlsx/Patent Index 2024 - Top 100 applicants 2024.xlsx	same
sheets/batch-001/xlsx/einvoice-summary-worksheet.xlsx	same
sheets/batch-001/xlsx/oltl-bulletin-59-26-03-ptr-sc-registration-form-for-oltl-approved-software.xlsx	same
sheets/batch-002/xls/2012-GA-Survey-Chapter-5-Tables-16Dec2013-V2.xls	same
sheets/batch-002/xls/2012-GA-Survey-Chapter-6-Tables-16Dec2013-V2.xls	same
sheets/batch-002/xls/P1636e.xls	same
sheets/batch-002/xls/REDAC_SCHEDULE_RPD_137.xls	same
sheets/batch-002/xlsx/(5000021142)-(subc0226)-criminology-subject-collection-list.xlsx	same
sheets/batch-002/xlsx/AIRBUS_station_evaluation_checklist_v2.xlsx	same
sheets/batch-002/xlsx/Chicago.List.2025.xlsx	same
sheets/batch-002/xlsx/Upload__hvv_Linie_150_2023.XLSX	same
sheets/batch-002/xlsx/WEBSITE-RESOURCE-LIST-by-CATEGORY-4-6-18-341pm.xlsx	same
sheets/batch-002/xlsx/e-pass-contact-details-template.xlsx	same
sheets/batch-003/xls/4-12-Kings-Attachment-13-Application-Architecture-Security-Requirements.xls	same
sheets/batch-003/xls/NPA_21_21_Sentenced_Comments.xls	same
sheets/batch-003/xls/RPA-Budgets-FY-17-19-20.xls	same
sheets/batch-003/xls/disclosures_ecm.xls	same
sheets/batch-003/xls/programs contact list as of 07-01-10.xls	same
sheets/batch-003/xlsx/00514292.xlsx	same
sheets/batch-003/xlsx/Air_Boss_Master_List.xlsx	same
sheets/batch-003/xlsx/Bulletin-37-Appendix-2-immediate-detriment-data-request.xlsx	same
sheets/batch-003/xlsx/VOR Candidate Discontinuance List 2026-01-08.xlsx	same
sheets/batch-003/xlsx/redac-sas-201503-fy17-research-portfolio.xlsx	same
sheets/batch-004/xls/NorwegianXPensionXFundXanalysisXexportsXandXLAWS-1.xls	same
sheets/batch-004/xls/flying-log-passenger-23rd-september-2014.xls	same
sheets/batch-004/xls/permit-applications-determined-july-2015.xls	same
sheets/batch-004/xlsx/EU_145s_with_TCCA_approval_-_31.01.2025.xlsx	same
sheets/batch-004/xlsx/Estero Rotary Awards.xlsx	same
sheets/batch-004/xlsx/Foreign_SA-CAT-I_and_CAT-II-III_Pub_0.xlsx	same
sheets/batch-004/xlsx/List-of-Members-August-2017.xlsx	same
sheets/batch-004/xlsx/Part_375_Operators.xlsx	same
sheets/batch-004/xlsx/Travel-Cost-Estimate-Calculator.xlsx	same
sheets/batch-004/xlsx/UAE Type Accepted Aircraft Models.xlsx	same
sheets/batch-005/xls/Background_Declaration_Template.xls	same
sheets/batch-005/xls/Praktikastellen_-_chinesischsprachiger_Kulturraum.xls	same
sheets/batch-005/xls/SectorAdvisoryGroupandStrategyBoards.xls	same
sheets/batch-005/xls/apron-area.xls	same
sheets/batch-005/xls/cy10_primary_enplanements.xls	same
sheets/batch-005/xlsx/National-Reports.xlsx	same
sheets/batch-005/xlsx/Part_129_Operators.xlsx	same
sheets/batch-005/xlsx/arp-sop-300-Exhibit-A-Table-Templates.xlsx	same
sheets/batch-005/xlsx/esurf-12-135-2024-t01.xlsx	same
sheets/batch-005/xlsx/fse_identification_form.xlsx	same
sheets/batch-006/xls/Hazard Analysis Template.xls	same
sheets/batch-006/xls/WG7_NCWF_Skills_Table.XLS	same
sheets/batch-006/xls/ZenithAviation_AuctionList.xls	same
sheets/batch-006/xlsx/2017-04-27-Lease-Transition-Records-Checklist-FINAL-1.xlsx	same
sheets/batch-006/xlsx/2020-01-29-Lease-Transition-Records-Checklist-FINAL-1.xlsx	same
sheets/batch-006/xlsx/Infotabelle_WLAN im Flugzeug.xlsx	same
sheets/batch-006/xlsx/Published_Issuances_2024.xlsx	same
sheets/batch-006/xlsx/SSRO_Quarterly_Statistical_Bulletin_Q3201617_DATA.xlsx	same
sheets/batch-006/xlsx/june_2025_published.xlsx	same
sheets/batch-006/xlsx/register-changes-in-may-2024---adujsted.xlsx	same
sheets/batch-007/xls/CSA_CCM_v1.2.xls	same
sheets/batch-007/xlsx/114339-PROP-P127508-PUBLIC-PPCRNARCPPforPublication.xlsx	same
sheets/batch-007/xlsx/AFS-400_Contacts.xlsx	same
sheets/batch-007/xlsx/National-Finalists-2024-1.xlsx	same
sheets/batch-007/xlsx/Performance.xlsx	same
sheets/batch-007/xlsx/dragon-175066A.xlsx	same
sheets/batch-007/xlsx/ecopy of 2016 statistical bulletin_public finance statistics_final.xlsx	same
sheets/batch-007/xlsx/essd-16-3433-2024-t02.xlsx	same
sheets/batch-007/xlsx/jobs-bulletin-51-22-december-2025.xlsx	same
sheets/batch-007/xlsx/wiley-cancelled-title-list.xlsx	same
sheets/batch-008/xls/ACRONYM.xls	same
sheets/batch-008/xls/Liste-Zertifizierung-ChemKlimaschutzV-RPT.xls	same
sheets/batch-008/xls/data_20121018181533.xls	same
sheets/batch-008/xlsx/2015-19 top 25 Arms producing companies data - to upload on website - FINAL_edit.xlsx	same
sheets/batch-008/xlsx/Computer and Software Services_50 State Comparison.xlsx	same
sheets/batch-008/xlsx/RVSM_Non_approved_list_2025_84c0b3f4ac.xlsx	same
sheets/batch-008/xlsx/SLSA_Directory_031423.xlsx	same
sheets/batch-008/xlsx/commander-authorisation-tasks-spreadsheet-october-2025.xlsx	same
sheets/batch-008/xlsx/hdss-bulletin-index-2019-2022.xlsx	same
sheets/batch-008/xlsx/template-ECSPR-notifications.xlsx	same
sheets/batch-009/xls/6f9e605c-fded-11e3-bd0e-00144feab7de.xls	same
sheets/batch-009/xlsx/Aviation_Abbreviations.xlsx	same
sheets/batch-009/xlsx/Company_Seniority_Date_Calculator.xlsx	same
sheets/batch-009/xlsx/PBN Matrix NAAs (V01).xlsx	same
sheets/batch-009/xlsx/RegChangeReport.xlsx	same
sheets/batch-009/xlsx/State-Medicaid-Payment-Policies-for-Medicare-Cost-Sharing.xlsx	same
sheets/batch-009/xlsx/TDA_Smoke-Detectors.xlsx	same
sheets/batch-009/xlsx/airports_6.xlsx	same
sheets/batch-009/xlsx/sistem-rekod-markah-srm-_-rekod-master.xlsx	same
sheets/batch-010/xls/EHEST-Pre-departure-checklist-Rev.-1-06-12-2016.xls	same
sheets/batch-010/xls/INDEX_Digital_Transformation_Toolkits.xls	same
sheets/batch-010/xls/PC1000.xls	same
sheets/batch-010/xls/TOGAF9-Tool-ConfReqts-CSQ.xls	same
sheets/batch-010/xls/Template Pilot Logbook JAR-FCL V3.0.xls	same
sheets/batch-010/xls/cy01_state.xls	same
sheets/batch-010/xls/cy06_primary_np_comm.xls	same
sheets/batch-010/xlsx/DOE-C2M2-V1.1-to-DOE-C2M2-V2.1 (1.1.0).xlsx	same
sheets/batch-010/xlsx/Data-Architecture-Tool-Fit-Assessment-Template.xlsx	same
sheets/batch-010/xlsx/Keywords_Mapping_Graphs_and_Charts.xlsx	same
sheets/batch-011/xls/List of EQS securities_0.xls	same
sheets/batch-011/xls/RMP 2011-2014 and Inventory.xls	same
sheets/batch-011/xls/Special-Procedures_2025-07-10.xls	same
sheets/batch-011/xls/T0A0D0000090006XLSE.xls	same
sheets/batch-011/xlsx/AFCforPtF-Digital-Certificate-Publication-Report.xlsx	same
sheets/batch-011/xlsx/AMOC-Digital-Certificate-Publication-Report.xlsx	same
sheets/batch-011/xlsx/Application_Compliance_Checklist_5_Apr_2021.xlsx	same
sheets/batch-011/xlsx/Capability_List_9-14-2022_Dallas_Combined-Aircraft_Manuf_unsorted.xlsx	same
sheets/batch-011/xlsx/NAARMO_Mexico_RVSM_Approvals.xlsx	same
sheets/batch-011/xlsx/links-2026.xlsx	same
sheets/batch-012/xls/SIL_TDB605.xls	same
sheets/batch-012/xlsx/2023-qhp-form-and-rate-combined-checklist-final.xlsx	same
sheets/batch-012/xlsx/2025_Active_Civil_Airmen_Statistics_FINAL.xlsx	same
sheets/batch-012/xlsx/Application_for_authorisation_as_crowdfunding_service_provider.xlsx	same
sheets/batch-012/xlsx/FAA-2019-0995-0002_attachment_2.xlsx	same
sheets/batch-012/xlsx/FY2023-AIP-grants.xlsx	same
sheets/batch-012/xlsx/aircraft_analysis-2018-06.xlsx	same
sheets/batch-012/xlsx/atspp_pay_tables.xlsx	same
sheets/batch-012/xlsx/certification-type-certificates-docs-tcdns-databases-MAdB-Rotorcraft-14-28112013.xlsx	same
sheets/batch-012/xlsx/sectors-defense-and-aerospace.xlsx	same
sheets/batch-013/xls/ECA Sinters.xls	same
sheets/batch-013/xls/NPIAS_2007_App_A.xls	same
sheets/batch-013/xls/SIL_TDB609.xls	same
sheets/batch-013/xls/npias_2009_appA.xls	same
sheets/batch-013/xlsx/CSJU List of Recipients of funds 2013-2020.xlsx	same
sheets/batch-013/xlsx/Copy of EASA-IFP-WEBLISTNOODATA-ListsofBASAapprovals(WEB)_ListofValidUSBASAorganisations_2023-01-13-04-33-14.xlsx	same
sheets/batch-013/xlsx/EASA-IFP-WEBLISTNOODATA-ListsofBASAapprovals_WEB__ListofValidBASAorganisations_2025-01-20-08-56-36.xlsx	same
sheets/batch-013/xlsx/FY2018_Q4_UAS_Sightings.xlsx	same
sheets/batch-013/xlsx/MinCh-Digital-Certificate-Publication-Report.xlsx	same
sheets/batch-013/xlsx/fy20-may20-sep20.xlsx	same
sheets/batch-014/xls/18-02RD301_ILS_components_Master_9-13-18.xls	same
sheets/batch-014/xls/TICAPCapability_Final.xls	same
sheets/batch-014/xls/aircraft_analysis_2016-04-27.xls	same
sheets/batch-014/xls/capa-liste-nse-1.xls	same
sheets/batch-014/xls/fy2010-aip-grants.xls	same
sheets/batch-014/xls/fy2011-aip-grants.xls	same
sheets/batch-014/xlsx/Aircraft_Database.xlsx	same
sheets/batch-014/xlsx/FY2021-AIP-grants.xlsx	same
sheets/batch-014/xlsx/afn-afn-20250801-fy25-jan25-mar25.xlsx	same
sheets/batch-014/xlsx/alle einzeln.xlsx	same
sheets/batch-015/xls/NPIAS_App_A.xls	same
sheets/batch-015/xls/UASEventsNov2014-Aug2015.xls	same
sheets/batch-015/xls/grants-2005.xls	same
sheets/batch-015/xlsx/6880ac7361ca1b99a9230811_ST Capability List Rev.16 - Web.xlsx	same
sheets/batch-015/xlsx/MajCh-Digital-Certificate-Publication-Report.xlsx	same
sheets/batch-015/xlsx/ans_mappings_of_eccairs_terms.xlsx	same
sheets/batch-015/xlsx/edb-emissions-databank v27-NewFormat (web).xlsx	same
sheets/batch-015/xlsx/fm-provider-service-measures.xlsx	same
sheets/batch-015/xlsx/seihon_zassi_kikou_20221215.xlsx	same
sheets/batch-016/xls/7-memento-2015-transports-aeriens-b.xls	same
sheets/batch-016/xls/PA_Delaware.xls	same
sheets/batch-016/xls/activespecs.xls	same
sheets/batch-016/xls/laufende-nip-vorhaben-hyland.xls	same
sheets/batch-016/xls/underlying-holdings-emea-en_gb-monthly-holdings-state-street-emu-esg-screened-index-equity-fund.xls	same
sheets/batch-016/xlsx/Global_Market_Forecast_2016-2035_Airbus_Data_Set.xlsx	same
sheets/batch-016/xlsx/SIL_TDB648.xlsx	same
sheets/batch-016/xlsx/flightstandards-doc-Cross-reference-table_version02.xlsx	same
sheets/batch-016/xlsx/tk-syllabus-comparison-document-v5.xlsx	same
sheets/batch-017/xls/AIM_OPR_LIST.xls	same
sheets/batch-017/xls/CIS_Debian_Linux_8_Benchmark_v1.0.0.xls	same
sheets/batch-017/xls/environment-edb-docs-edb-emissions-databank.xls	same
sheets/batch-017/xls/orbus_togaf_tool_csq.xls	same
sheets/batch-017/xlsx/EASA-IFP-WEBLISTNOODATA-ListsofForeignapprovals(WEB)_NewChart_2022-08-05-03-31-32.xlsx	same
sheets/batch-017/xlsx/EASA_PRODUCT_LIST_-_ALL.xlsx	same
sheets/batch-017/xlsx/ODs-February-2022-Airbus-Commercial-Aircraft.xlsx	same
sheets/batch-017/xlsx/RCO_VOR_Master_List_082824.xlsx	same
sheets/batch-017/xlsx/TK-Syllabus-Comparison-Document-v2.xlsx	same
sheets/batch-017/xlsx/certification-type-certificates-docs-tcdns-databases-MAdB-Light-Prop-14-28112013.xlsx	same
sheets/batch-018/xlsx/EASA-IFP-145Scope(WEB)_ALL_ValidF145SOA_2022-12-16-04-31-58_0.xlsx	same
sheets/batch-018/xlsx/EASA-IFP-147Scope_WEB__ALL_Valid147SoA_2024-11-28-11-16-31.xlsx	same
sheets/batch-018/xlsx/Laser Report 2024 FOIA __Oct (1).xlsx	same
sheets/batch-018/xlsx/STC_WebList.xlsx	same
