S8	0	257	opt
S8	1	257	opt
S8	2	257	opt
S8	3	257	opt
S8	4	257	opt
S8	5	257	opt
S8	6	257	opt
S8	7	257	opt
S8	8	257	opt
S8	9	257	opt
S8	10	257	opt
S8	11	257	opt
S8	12	257	opt
S8	13	257	opt
S8	14	257	opt
S8	15	257	opt
S8	16	257	opt
S8	17	257	opt
S8	18	257	opt
S8	19	257	opt
S8	20	257	opt
S8	21	257	opt
S8	22	257	opt
S8	23	257	opt
S8	24	257	opt
S8	25	257	opt
S8	26	257	opt
S8	27	257	opt
S8	28	257	opt
S8	29	257	opt
S8	30	257	opt
S8	31	257	opt
S8	32	257	opt
S8	33	257	opt
S8	34	257	opt
S8	35	257	opt
S8	36	257	opt
S8	37	257	opt
S8	38	257	opt
S8	39	257	opt
S8	40	257	opt
S8	41	257	opt
S8	42	257	opt
S8	43	257	opt
S8	44	417	opt
S8	45	417	opt
S8	46	417	opt
S8	47	417	opt
S8	48	417	opt
S8	49	417	opt
S8	50	417	opt
S8	51	417	opt
S8	52	417	opt
S8	53	417	opt
S8	54	417	opt
S8	55	417	opt
S8	56	417	opt
S8	57	417	opt
S8	58	417	opt
S8	59	417	opt
S8	60	417	opt
S8	61	417	opt
S8	62	417	opt
S8	63	417	opt
S8	64	417	opt
S8	65	417	opt
S8	66	417	opt
S8	67	417	opt
S8	68	417	opt
S8	69	417	opt
S8	70	417	opt
S8	71	417	opt
S8	72	417	opt
S8	73	417	opt
S8	74	417	opt
S8	75	417	opt
S8	76	417	opt
S8	77	417	opt
S8	78	417	opt
S8	79	417	opt
S8	80	417	opt
S8	81	417	opt
S8	82	417	opt
S8	83	417	opt
S8	84	417	opt
S8	85	417	opt
S8	86	417	opt
S8	87	417	opt
S8	88	611	opt
S8	89	611	opt
S10	0	257	opt
S10	1	257	opt
S10	2	257	opt
S10	3	257	opt
S10	4	257	opt
S10	5	257	opt
S10	6	257	opt
S10	7	257	opt
S10	8	257	opt
S10	9	257	opt
S10	10	257	opt
S10	11	257	opt
S10	12	257	opt
S10	13	257	opt
S10	14	257	opt
S10	15	257	opt
S10	16	257	opt
S10	17	257	opt
S10	18	257	opt
S10	19	257	opt
S10	20	257	opt
S10	21	257	opt
S10	22	257	opt
S10	23	257	opt
S10	24	257	opt
S10	25	257	opt
S10	26	257	opt
S10	27	257	opt
S10	28	257	opt
S10	29	257	opt
S10	30	257	opt
S10	31	257	opt
S10	32	257	opt
S10	33	257	opt
S10	34	257	opt
S10	35	257	opt
S10	36	257	opt
S10	37	477	opt
S10	38	477	opt
S10	39	477	opt
S10	40	477	opt
S10	41	477	opt
S10	42	477	opt
S10	43	477	opt
S10	44	477	opt
S10	45	477	opt
S10	46	477	opt
S10	47	477	opt
S10	48	477	opt
S10	49	477	opt
S10	50	477	opt
S10	51	477	opt
S10	52	477	opt
S10	53	477	opt
S10	54	477	opt
S10	55	477	opt
S10	56	477	opt
S10	57	477	opt
S10	58	477	opt
S10	59	477	opt
S10	60	477	opt
S10	61	477	opt
S10	62	477	opt
S10	63	477	opt
S10	64	477	opt
S10	65	477	opt
S10	66	477	opt
S10	67	477	opt
S10	68	477	opt
S10	69	477	opt
S10	70	477	opt
S10	71	477	opt
S10	72	477	opt
S10	73	477	opt
S10	74	701	opt
S10	75	701	opt
S10	76	701	opt
S10	77	701	opt
S10	78	701	opt
S10	79	701	opt
S10	80	701	opt
S10	81	701	opt
S10	82	701	opt
S10	83	701	opt
S10	84	701	opt
S10	85	701	opt
S10	86	701	opt
S10	87	701	opt
S10	88	701	opt
S10	89	701	opt
S11	0	298	opt
S11	1	298	opt
S11	2	298	opt
S11	3	298	opt
S11	4	298	opt
S11	5	298	opt
S11	6	298	opt
S11	7	298	opt
S11	8	298	opt
S11	9	298	opt
S11	10	298	opt
S11	11	298	opt
S11	12	298	opt
S11	13	298	opt
S11	14	298	opt
S11	15	298	opt
S11	16	298	opt
S11	17	298	opt
S11	18	298	opt
S11	19	298	opt
S11	20	298	opt
S11	21	298	opt
S11	22	298	opt
S11	23	298	opt
S11	24	298	opt
S11	25	298	opt
S11	26	298	opt
S11	27	298	opt
S11	28	298	opt
S11	29	298	opt
S11	30	298	opt
S11	31	298	opt
S11	32	567	opt
S11	33	567	opt
S11	34	567	opt
S11	35	567	opt
S11	36	567	opt
S11	37	567	opt
S11	38	567	opt
S11	39	567	opt
S11	40	567	opt
S11	41	567	opt
S11	42	567	opt
S11	43	567	opt
S11	44	567	opt
S11	45	567	opt
S11	46	567	opt
S11	47	567	opt
S11	48	567	opt
S11	49	567	opt
S11	50	567	opt
S11	51	567	opt
S11	52	567	opt
S11	53	567	opt
S11	54	567	opt
S11	55	567	opt
S11	56	567	opt
S11	57	567	opt
S11	58	567	opt
S11	59	567	opt
S11	60	567	opt
S11	61	567	opt
S11	62	567	opt
S11	63	567	opt
S11	64	835	opt
S11	65	835	opt
S11	66	835	opt
S11	67	835	opt
S11	68	835	opt
S11	69	835	opt
S11	70	835	opt
S11	71	835	opt
S11	72	835	opt
S11	73	835	opt
S11	74	835	opt
S11	75	835	opt
S11	76	835	opt
S11	77	835	opt
S11	78	835	opt
S11	79	835	opt
S11	80	835	opt
S11	81	835	opt
S11	82	835	opt
S11	83	835	opt
S11	84	835	opt
S11	85	835	opt
S11	86	835	opt
S11	87	835	opt
S11	88	835	opt
S11	89	835	opt
S12	0	313	opt
S12	1	313	opt
S12	2	313	opt
S12	3	313	opt
S12	4	313	opt
S12	5	313	opt
S12	6	313	opt
S12	7	313	opt
S12	8	313	opt
S12	9	313	opt
S12	10	313	opt
S12	11	313	opt
S12	12	313	opt
S12	13	313	opt
S12	14	313	opt
S12	15	313	opt
S12	16	313	opt
S12	17	313	opt
S12	18	313	opt
S12	19	313	opt
S12	20	313	opt
S12	21	313	opt
S12	22	313	opt
S12	23	313	opt
S12	24	313	opt
S12	25	313	opt
S12	26	313	opt
S12	27	313	opt
S12	28	313	opt
S12	29	313	opt
S12	30	597	opt
S12	31	597	opt
S12	32	597	opt
S12	33	597	opt
S12	34	597	opt
S12	35	597	opt
S12	36	597	opt
S12	37	597	opt
S12	38	597	opt
S12	39	597	opt
S12	40	597	opt
S12	41	597	opt
S12	42	597	opt
S12	43	597	opt
S12	44	597	opt
S12	45	597	opt
S12	46	597	opt
S12	47	597	opt
S12	48	597	opt
S12	49	597	opt
S12	50	597	opt
S12	51	597	opt
S12	52	597	opt
S12	53	597	opt
S12	54	597	opt
S12	55	597	opt
S12	56	597	opt
S12	57	597	opt
S12	58	597	opt
S12	59	597	opt
S12	60	880	opt
S12	61	880	opt
S12	62	880	opt
S12	63	880	opt
S12	64	880	opt
S12	65	880	opt
S12	66	880	opt
S12	67	880	opt
S12	68	880	opt
S12	69	880	opt
S12	70	880	opt
S12	71	880	opt
S12	72	880	opt
S12	73	880	opt
S12	74	880	opt
S12	75	880	opt
S12	76	880	opt
S12	77	880	opt
S12	78	880	opt
S12	79	880	opt
S12	80	880	opt
S12	81	880	opt
S12	82	880	opt
S12	83	880	opt
S12	84	880	opt
S12	85	880	opt
S12	86	880	opt
S12	87	880	opt
S12	88	880	opt
S12	89	880	opt
S14	0	373	opt
S14	1	373	opt
S14	2	373	opt
S14	3	373	opt
S14	4	373	opt
S14	5	373	opt
S14	6	373	opt
S14	7	373	opt
S14	8	373	opt
S14	9	373	opt
S14	10	373	opt
S14	11	373	opt
S14	12	373	opt
S14	13	373	opt
S14	14	373	opt
S14	15	373	opt
S14	16	373	opt
S14	17	373	opt
S14	18	373	opt
S14	19	373	opt
S14	20	373	opt
S14	21	373	opt
S14	22	373	opt
S14	23	373	opt
S14	24	373	opt
S14	25	716	opt
S14	26	716	opt
S14	27	716	opt
S14	28	716	opt
S14	29	716	opt
S14	30	716	opt
S14	31	716	opt
S14	32	716	opt
S14	33	716	opt
S14	34	716	opt
S14	35	716	opt
S14	36	716	opt
S14	37	716	opt
S14	38	716	opt
S14	39	716	opt
S14	40	716	opt
S14	41	716	opt
S14	42	716	opt
S14	43	716	opt
S14	44	716	opt
S14	45	716	opt
S14	46	716	opt
S14	47	716	opt
S14	48	716	opt
S14	49	716	opt
S14	50	1059	opt
S14	51	1059	opt
S14	52	1059	opt
S14	53	1059	opt
S14	54	1059	opt
S14	55	1059	opt
S14	56	1059	opt
S14	57	1059	opt
S14	58	1059	opt
S14	59	1059	opt
S14	60	1059	opt
S14	61	1059	opt
S14	62	1059	opt
S14	63	1059	opt
S14	64	1059	opt
S14	65	1059	opt
S14	66	1059	opt
S14	67	1059	opt
S14	68	1059	opt
S14	69	1059	opt
S14	70	1059	opt
S14	71	1059	opt
S14	72	1059	opt
S14	73	1059	opt
S14	74	1059	opt
S14	75	1402	opt
S14	76	1402	opt
S14	77	1402	opt
S14	78	1402	opt
S14	79	1402	opt
S14	80	1402	opt
S14	81	1402	opt
S14	82	1402	opt
S14	83	1402	opt
S14	84	1402	opt
S14	85	1402	opt
S14	86	1402	opt
S14	87	1402	opt
S14	88	1402	opt
S14	89	1402	opt
