W3600	0	567	opt
W3600	1	567	opt
W3600	2	567	opt
W3600	3	567	opt
W3600	4	567	opt
W3600	5	567	opt
W3600	6	298	opt
W3600	7	835	opt
W3650	0	567	opt
W3650	1	567	opt
W3650	2	567	opt
W3650	3	567	opt
W3650	4	567	opt
W3650	5	567	opt
W3650	6	298	opt
W3650	7	835	opt
W3700	0	567	opt
W3700	1	567	opt
W3700	2	567	opt
W3700	3	567	opt
W3700	4	567	opt
W3700	5	567	opt
W3700	6	298	opt
W3700	7	835	opt
W3750	0	567	opt
W3750	1	567	opt
W3750	2	567	opt
W3750	3	567	opt
W3750	4	567	opt
W3750	5	567	opt
W3750	6	298	opt
W3750	7	835	opt
W3800	0	567	opt
W3800	1	567	opt
W3800	2	567	opt
W3800	3	567	opt
W3800	4	567	opt
W3800	5	567	opt
W3800	6	298	opt
W3800	7	835	opt
W3850	0	567	opt
W3850	1	567	opt
W3850	2	567	opt
W3850	3	567	opt
W3850	4	567	opt
W3850	5	567	opt
W3850	6	298	opt
W3850	7	835	opt
W3900	0	567	opt
W3900	1	567	opt
W3900	2	567	opt
W3900	3	567	opt
W3900	4	567	opt
W3900	5	567	opt
W3900	6	298	opt
W3900	7	835	opt
W3950	0	567	opt
W3950	1	567	opt
W3950	2	567	opt
W3950	3	567	opt
W3950	4	567	opt
W3950	5	567	opt
W3950	6	298	opt
W3950	7	835	opt
W4000	0	567	opt
W4000	1	567	opt
W4000	2	567	opt
W4000	3	567	opt
W4000	4	567	opt
W4000	5	567	opt
W4000	6	298	opt
W4000	7	835	opt
W4050	0	567	opt
W4050	1	567	opt
W4050	2	567	opt
W4050	3	567	opt
W4050	4	567	opt
W4050	5	567	opt
W4050	6	298	opt
W4050	7	835	opt
W4100	0	567	opt
W4100	1	567	opt
W4100	2	567	opt
W4100	3	567	opt
W4100	4	567	opt
W4100	5	567	opt
W4100	6	298	opt
W4100	7	835	opt
W4150	0	567	opt
W4150	1	567	opt
W4150	2	567	opt
W4150	3	567	opt
W4150	4	567	opt
W4150	5	567	opt
W4150	6	298	opt
W4150	7	835	opt
W4200	0	567	opt
W4200	1	298	opt
W4200	2	567	opt
W4200	3	567	opt
W4200	4	567	opt
W4200	5	567	opt
W4200	6	298	opt
W4200	7	835	opt
W4250	0	567	opt
W4250	1	298	opt
W4250	2	567	opt
W4250	3	567	opt
W4250	4	567	opt
W4250	5	567	opt
W4250	6	298	opt
W4250	7	567	opt
W4300	0	567	opt
W4300	1	298	opt
W4300	2	567	opt
W4300	3	567	opt
W4300	4	567	opt
W4300	5	567	opt
W4300	6	298	opt
W4300	7	567	opt
W4350	0	567	opt
W4350	1	298	opt
W4350	2	567	opt
W4350	3	567	opt
W4350	4	567	opt
W4350	5	567	opt
W4350	6	298	opt
W4350	7	567	opt
W4400	0	567	opt
W4400	1	298	opt
W4400	2	298	opt
W4400	3	567	opt
W4400	4	567	opt
W4400	5	567	opt
W4400	6	298	opt
W4400	7	567	opt
W4450	0	298	opt
W4450	1	298	opt
W4450	2	298	opt
W4450	3	567	opt
W4450	4	567	opt
W4450	5	567	opt
W4450	6	298	opt
W4450	7	567	opt
W4500	0	298	opt
W4500	1	298	opt
W4500	2	298	opt
W4500	3	567	opt
W4500	4	567	opt
W4500	5	567	opt
W4500	6	298	opt
W4500	7	567	opt
W4550	0	298	opt
W4550	1	298	opt
W4550	2	298	opt
W4550	3	567	opt
W4550	4	567	opt
W4550	5	567	opt
W4550	6	298	opt
W4550	7	567	opt
W4600	0	298	opt
W4600	1	298	opt
W4600	2	298	opt
W4600	3	567	opt
W4600	4	567	opt
W4600	5	567	opt
W4600	6	298	opt
W4600	7	567	opt
W4650	0	298	opt
W4650	1	298	opt
W4650	2	298	opt
W4650	3	298	opt
W4650	4	567	opt
W4650	5	567	opt
W4650	6	298	opt
W4650	7	567	opt
W4700	0	298	opt
W4700	1	298	opt
W4700	2	298	opt
W4700	3	298	opt
W4700	4	567	opt
W4700	5	567	opt
W4700	6	298	opt
W4700	7	567	opt
W4750	0	298	opt
W4750	1	298	opt
W4750	2	298	opt
W4750	3	298	opt
W4750	4	567	opt
W4750	5	567	opt
W4750	6	298	opt
W4750	7	567	opt
W4800	0	298	opt
W4800	1	298	opt
W4800	2	298	opt
W4800	3	298	opt
W4800	4	567	opt
W4800	5	567	opt
W4800	6	298	opt
W4800	7	567	opt
W4850	0	298	opt
W4850	1	298	opt
W4850	2	298	opt
W4850	3	298	opt
W4850	4	567	opt
W4850	5	567	opt
W4850	6	298	opt
W4850	7	567	opt
W4900	0	298	opt
W4900	1	298	opt
W4900	2	298	opt
W4900	3	298	opt
W4900	4	567	opt
W4900	5	567	opt
W4900	6	298	opt
W4900	7	567	opt
W4950	0	298	opt
W4950	1	298	opt
W4950	2	298	opt
W4950	3	298	opt
W4950	4	567	opt
W4950	5	567	opt
W4950	6	298	opt
W4950	7	567	opt
W5000	0	298	opt
W5000	1	298	opt
W5000	2	298	opt
W5000	3	298	opt
W5000	4	567	opt
W5000	5	567	opt
W5000	6	298	opt
W5000	7	567	opt
W5050	0	298	opt
W5050	1	298	opt
W5050	2	298	opt
W5050	3	298	opt
W5050	4	567	opt
W5050	5	567	opt
W5050	6	298	opt
W5050	7	567	opt
W5100	0	298	opt
W5100	1	298	opt
W5100	2	298	opt
W5100	3	298	opt
W5100	4	567	opt
W5100	5	567	opt
W5100	6	298	opt
W5100	7	567	opt
W5150	0	298	opt
W5150	1	298	opt
W5150	2	298	opt
W5150	3	298	opt
W5150	4	567	opt
W5150	5	567	opt
W5150	6	298	opt
W5150	7	567	opt
W5200	0	298	opt
W5200	1	298	opt
W5200	2	298	opt
W5200	3	298	opt
W5200	4	298	opt
W5200	5	298	opt
W5200	6	298	opt
W5200	7	567	opt
W5250	0	298	opt
W5250	1	298	opt
W5250	2	298	opt
W5250	3	298	opt
W5250	4	298	opt
W5250	5	298	opt
W5250	6	298	opt
W5250	7	567	opt
W5300	0	298	opt
W5300	1	298	opt
W5300	2	298	opt
W5300	3	298	opt
W5300	4	298	opt
W5300	5	298	opt
W5300	6	298	opt
W5300	7	567	opt
W5350	0	298	opt
W5350	1	298	opt
W5350	2	298	opt
W5350	3	298	opt
W5350	4	298	opt
W5350	5	298	opt
W5350	6	298	opt
W5350	7	567	opt
W5400	0	298	opt
W5400	1	298	opt
W5400	2	298	opt
W5400	3	298	opt
W5400	4	298	opt
W5400	5	298	opt
W5400	6	298	opt
W5400	7	567	opt
W5450	0	298	opt
W5450	1	298	opt
W5450	2	298	opt
W5450	3	298	opt
W5450	4	298	opt
W5450	5	298	opt
W5450	6	298	opt
W5450	7	567	opt
W5500	0	298	opt
W5500	1	298	opt
W5500	2	298	opt
W5500	3	298	opt
W5500	4	298	opt
W5500	5	298	opt
W5500	6	298	opt
W5500	7	567	opt
W5550	0	298	opt
W5550	1	298	opt
W5550	2	298	opt
W5550	3	298	opt
W5550	4	298	opt
W5550	5	298	opt
W5550	6	298	opt
W5550	7	567	opt
W5600	0	298	opt
W5600	1	298	opt
W5600	2	298	opt
W5600	3	298	opt
W5600	4	298	opt
W5600	5	298	opt
W5600	6	298	opt
W5600	7	567	opt
W5650	0	298	opt
W5650	1	298	opt
W5650	2	298	opt
W5650	3	298	opt
W5650	4	298	opt
W5650	5	298	opt
W5650	6	298	opt
W5650	7	567	opt
W5700	0	298	opt
W5700	1	298	opt
W5700	2	298	opt
W5700	3	298	opt
W5700	4	298	opt
W5700	5	298	opt
W5700	6	298	opt
W5700	7	567	opt
W5750	0	298	opt
W5750	1	298	opt
W5750	2	298	opt
W5750	3	298	opt
W5750	4	298	opt
W5750	5	298	opt
W5750	6	298	opt
W5750	7	567	opt
W5800	0	298	opt
W5800	1	298	opt
W5800	2	298	opt
W5800	3	298	opt
W5800	4	298	opt
W5800	5	298	opt
W5800	6	298	opt
W5800	7	567	opt
W5850	0	298	opt
W5850	1	298	opt
W5850	2	298	opt
W5850	3	298	opt
W5850	4	298	opt
W5850	5	298	opt
W5850	6	298	opt
W5850	7	567	opt
W5900	0	298	opt
W5900	1	298	opt
W5900	2	298	opt
W5900	3	298	opt
W5900	4	298	opt
W5900	5	298	opt
W5900	6	298	opt
W5900	7	567	opt
W5950	0	298	opt
W5950	1	298	opt
W5950	2	298	opt
W5950	3	298	opt
W5950	4	298	opt
W5950	5	298	opt
W5950	6	298	opt
W5950	7	567	opt
W6000	0	298	opt
W6000	1	298	opt
W6000	2	298	opt
W6000	3	298	opt
W6000	4	298	opt
W6000	5	298	opt
W6000	6	298	opt
W6000	7	567	opt
W6050	0	298	opt
W6050	1	298	opt
W6050	2	298	opt
W6050	3	298	opt
W6050	4	298	opt
W6050	5	298	opt
W6050	6	298	opt
W6050	7	567	opt
W6100	0	298	opt
W6100	1	298	opt
W6100	2	298	opt
W6100	3	298	opt
W6100	4	298	opt
W6100	5	298	opt
W6100	6	298	opt
W6100	7	567	opt
W6150	0	298	opt
W6150	1	298	opt
W6150	2	298	opt
W6150	3	298	opt
W6150	4	298	opt
W6150	5	298	opt
W6150	6	298	opt
W6150	7	567	opt
