path	ext	pages	words	fonts	unemb	verdict
words/batch-010/doc/361400CSLegislation1RF01PUBLIC1.doc	doc	35/35	12616/12621	4/4	0	match
words/batch-010/doc/f111.doc	doc	11/11	3377/3377	4/6	0	match
words/batch-010/docx/195584360.docx	docx	19/20	7940/7952	4/5	0	pages
words/batch-010/docx/5709.16 ch.40_mgfinal.docx	docx	31/32	9791/9821	4/4	0	pages
words/batch-010/docx/Checklist for TC STC ETSO data packages to FAA_TIP rev 5.docx	docx	3/3	1102/1102	4/4	0	match
words/batch-010/docx/PM-apeech-Handover-of-New-Airbus-Aircraft-for-Fiji-Airways-Dec.-15th.docx	docx	5/5	582/582	4/4	0	match
words/batch-010/docx/Writing a technical report (SCE subject guide).docx	docx	4/4	1224/1224	7/8	0	match
words/batch-010/docx/te.iors.00048-002 SUP Questionnaire.docx	docx	4/4	642/636	2/2	0	match
words/batch-010/docx/technical report template.docx	docx	10/10	857/859	4/4	0	match
