<?xml version="1.0" encoding="UTF-8"?>

<parcel xmlns:parcel="scripting.dtd">
    <script language="Java">
        <locale lang="en">
            <displayname value="jsuite.test"/>
            <description>
                Text highlighting
            </description>
        </locale>
        <functionname value="Empty.hehe"/>
        <logicalname value="share.jsuite.test"/>
        <languagedepprops>
            <prop name="classpath" value="."/>
        </languagedepprops>
    </script>
</parcel>
