<?xml version="1.0" encoding="UTF-8"?>
<office:document-styles xmlns:office="urn:oasis:names:tc:opendocument:xmlns:office:1.0" xmlns:style="urn:oasis:names:tc:opendocument:xmlns:style:1.0" xmlns:number="urn:oasis:names:tc:opendocument:xmlns:datastyle:1.0"> <office:styles>
  <number:number-style style:name="N0"><number:number number:min-integer-digits="1"/></number:number-style>
  <number:date-style style:name="Ndate"><number:month/><number:text>/</number:text><number:day/><number:text>/</number:text><number:year number:style="long"/><number:year number:style="long"/><number:year/><number:year/></number:date-style>
  <number:time-style style:name="Ntime"><number:hours/><number:text>:</number:text><number:minutes number:style="long"/><number:text> </number:text><number:am-pm/></number:time-style>
  <number:time-style style:name="Ntimestamp"><number:hours/><number:text>:</number:text><number:minutes number:style="long"/><number:text>:</number:text><number:seconds number:style="long"/><number:text> </number:text><number:am-pm/></number:time-style>
 </office:styles>
</office:document-styles>
