<?xml version="1.0" encoding="UTF-8"?>

<parcel xmlns:parcel="scripting.dtd">
    <script language="Java">
        <locale lang="en">
            <displayname value="XScriptContext Test Script"/>
            <description>
                Component testing
            </description>
        </locale>
        <functionname value="TestXScriptContext.test"/>
        <logicalname value="xscriptcontext.jsuite.test"/>
        <languagedepprops>
            <prop name="classpath" value="."/>
        </languagedepprops>
    </script>
</parcel>
