901	DejaVuSans
??	DejaVuSans
?????	DejaVuSans
AKFJD O+ Courier	DejaVuSans
AR CENA	DejaVuSans
Abril Fatface	DejaVuSans
Adobe Fan Heiti Std B	DejaVuSans
Adobe Gothic Std B	DejaVuSans
Adobe Myungjo Std M	DejaVuSans
Aharoni	DejaVuSans
Alegreya Sans Bold	DejaVuSans
Alegreya Sans Bold Bold	DejaVuSans
Alegreya Sans Regular Bold	DejaVuSans
Amasis MT Pro Black	DejaVuSans
American Typewriter	DejaVuSans
Angsana New	DejaVuSans
Aparajita	DejaVuSans
Aptos	DejaVuSans
Aptos Display	DejaVuSans
Aptos Narrow	DejaVuSans
Arial	LiberationSans
Arial (Headings)	DejaVuSans
Arial Black	DejaVuSans
Arial Bold	DejaVuSans
Arial Gras	DejaVuSans
Arial MT	DejaVuSans
Arial Narrow	DejaVuSans
Arial Rounded MT Bold	DejaVuSans
Arial Unicode MS	DejaVuSans
Arial-BoldMT	DejaVuSans
ArialMT	DejaVuSans
AvantGarde Bk BT	DejaVuSans
Avenir Black	DejaVuSans
Avenir Book	DejaVuSans
Avenir LT Std 35 Light	DejaVuSans
Avenir Next LT Pro	DejaVuSans
Avenir Next LT Pro Demi	DejaVuSans
BMJOPD+Arial,Bold	DejaVuSans
BONIOO+Arial	DejaVuSans
Barcode 3 of 9 by request	DejaVuSans
Bell MT	DejaVuSans
Bierstadt	DejaVuSans
Blackadder ITC	DejaVuSans
Bodoni MT	DejaVuSans
Book Antiqua	DejaVuSerif
Bookman Old Style	DejaVuSerif
Bradley Hand ITC	DejaVuSans
Browallia New	DejaVuSans
CG Times	LiberationSerif
CG Times (W1)	DejaVuSans
CWFZGM+Myriad-BoldItalic	DejaVuSans
Calibri	Carlito
Calibri (Body)	DejaVuSans
Calibri Bold	DejaVuSans
Calibri Light	DejaVuSans
Calibri-Bold	DejaVuSans
Calisto MT	DejaVuSans
Cambria	Caladea
Cambria Math	DejaVuSans
Candara	DejaVuSans
Castellar	DejaVuSans
Century	DejaVuSerif
Century Gothic	DejaVuSans
Century Schoolbook	DejaVuSerif
Charlotte Sans Book	DejaVuSans
Comic Sans MS	DejaVuSans
ConduitITCStd Light	DejaVuSans
Consolas	DejaVuSansMono
Constantia	DejaVuSerif
Copperplate Gothic Bold	DejaVuSans
Copperplate Gothic Light	DejaVuSans
Corbel	DejaVuSans
Cordia New	DejaVuSans
Corpid E1s SCd Heavy	DejaVuSans
Corpid E1s SCd Light	DejaVuSans
CorpidOffice	DejaVuSans
CorpoS	DejaVuSans
Courier	LiberationMono
Courier New	LiberationMono
Courier Standard	DejaVuSans
DINPro-Medium	DejaVuSans
DINPro-Regular	DejaVuSans
DaunPenh	DejaVuSans
David	DejaVuSans
DejaVu Sans	DejaVuSans
DengXian	DejaVuSans
DengXian Light	DejaVuSans
Dialog	DejaVuSans
DilleniaUPC	DejaVuSans
DokChampa	DejaVuSans
Dutch	DejaVuSans
EK03Plain-B01	DejaVuSans
EUAlbertina	DejaVuSans
Ebrima	DejaVuSans
Estrangelo Edessa	DejaVuSans
Euphemia	DejaVuSans
Eurostile	DejaVuSans
FontAwesome	DejaVuSans
Franklin Gothic Book	DejaVuSans
Franklin Gothic Heavy	DejaVuSans
Franklin Gothic Medium	DejaVuSans
Frutiger 45 Light	DejaVuSans
Futura	DejaVuSans
Futura Std Book	DejaVuSans
Futura Std Light	DejaVuSans
Futura Std Medium	DejaVuSans
Gadugi	DejaVuSans
Garamond	DejaVuSerif
Gautami	DejaVuSans
Georgia	DejaVuSerif
Gill Sans	DejaVuSans
Gill Sans MT	DejaVuSans
Gisha	DejaVuSans
HGP明朝E	DejaVuSans
HGS明朝E	DejaVuSans
HG創英角ｺﾞｼｯｸUB	DejaVuSans
HG明朝E	DejaVuSans
HGｺﾞｼｯｸE	DejaVuSans
HGｺﾞｼｯｸM	DejaVuSans
HP Simplified	DejaVuSans
HY견고딕	DejaVuSans
HY그래픽B	DejaVuSans
HY그래픽M	DejaVuSans
HY신명조	DejaVuSans
HY엽서L	DejaVuSans
HY중고딕	DejaVuSans
Helv	DejaVuSans
Helvetica	LiberationSans
Helvetica 45 Light	DejaVuSans
Helvetica 55 Roman	DejaVuSans
Helvetica 75	DejaVuSans
Helvetica 75 Bold	DejaVuSans
Helvetica Light	DejaVuSans
Helvetica Neue	DejaVuSans
Helvetica Neue Medium	DejaVuSans
Helvetica-Narrow	DejaVuSans
HelveticaNeue	DejaVuSans
HelveticaNeue-Bold	DejaVuSans
HelveticaNeue-Heavy	DejaVuSans
HelveticaNeueLT Std	DejaVuSans
HelveticaNeueLT Std Extended	DejaVuSans
Humnst777 Lt BT	DejaVuSans
Impact	DejaVuSans
IrisUPC	DejaVuSans
Iskoola Pota	DejaVuSans
Javanese Text	DejaVuSans
Jenna Sue	DejaVuSans
Kalinga	DejaVuSans
Kartika	DejaVuSans
Khmer UI	DejaVuSans
KodchiangUPC	DejaVuSans
LLA Regular	DejaVuSans
Latha	DejaVuSans
Lato	DejaVuSans
Lato Black	DejaVuSans
Lato Light	DejaVuSans
Leelawadee UI	DejaVuSans
Liberation Sans	LiberationSans
LilyUPC	DejaVuSans
Lucida Console	DejaVuSansMono
Lucida Grande	DejaVuSans
Lucida Handwriting	DejaVuSans
Lucida Sans	DejaVuSans
Lucida Sans Unicode	DejaVuSans
MS Gothic	IPAGothic
MS Mincho	DejaVuSans
MS P????	DejaVuSans
MS PGothic	IPAPGothic
MS Sans Serif	DejaVuSans
MV Boli	DejaVuSans
Maiandra GD	DejaVuSans
Majalla UI	DejaVuSans
Mangal	DejaVuSans
Microsoft Himalaya	DejaVuSans
Microsoft JhengHei	DejaVuSans
Microsoft New Tai Lue	DejaVuSans
Microsoft Tai Le	DejaVuSans
Microsoft Uighur	DejaVuSans
Microsoft YaHei	DejaVuSans
Microsoft Yi Baiti	DejaVuSans
Minion Pro	DejaVuSans
MinionPro-Regular	DejaVuSans
Miriam	DejaVuSans
Mongolian Baiti	DejaVuSans
Monospace	DejaVuSansMono
Monotype Sorts	DejaVuSans
Montserrat	DejaVuSans
Montserrat Classic Bold	DejaVuSans
Montserrat Light Bold	DejaVuSans
Montserrat Light Light	DejaVuSans
MoolBoran	DejaVuSans
Myanmar Text	DejaVuSans
NewCenturySchlbk	DejaVuSerif
Nimbus Sans L	DejaVuSans
Nirmala UI	DejaVuSans
Nyala	DejaVuSans
OCR A Extended	DejaVuSans
OfficinaSans	DejaVuSans
Open Sans	DejaVuSans
Open Sans Light	DejaVuSans
Optima	DejaVuSans
Palatino	DejaVuSerif
Palatino Linotype	DejaVuSans
Perpetua Titling MT	DejaVuSans
Phagspa	DejaVuSans
PingFang SC	DejaVuSans
Plantagenet Cherokee	DejaVuSans
Play	DejaVuSans
Proxima Nova A	DejaVuSans
Raavi	DejaVuSans
Raleway	DejaVuSans
Raleway ExtraBold	DejaVuSans
Roboto	DejaVuSans
Roboto Black	DejaVuSans
Roboto Bold	DejaVuSans
Roboto Medium	DejaVuSans
Roboto Regular	DejaVuSans
Roboto-light	DejaVuSans
Roboto-medium	DejaVuSans
Roboto-thin	DejaVuSans
Roman 10cpi	DejaVuSans
Rubik	DejaVuSans
Sans-serif	DejaVuSans
Segoe UI	DejaVuSans
Segoe UI Black	DejaVuSans
Segoe UI Emoji	DejaVuSans
Segoe UI Light	DejaVuSans
Segoe UI Semibold	DejaVuSans
Segoe UI Symbol	DejaVuSans
Shruti	DejaVuSans
SimSun	DejaVuSans
Source Sans Pro	DejaVuSans
Source Sans Pro SemiBold	DejaVuSans
Souvenir Lt BT	DejaVuSans
Stencil	DejaVuSans
Sylfaen	DejaVuSans
Symbol	OpenSymbol
System Font Regular	DejaVuSans
Tahoma	DejaVuSans
Times	LiberationSerif
Times New Roman	LiberationSerif
Times New Roman Bold	DejaVuSans
Times New Roman CE	DejaVuSans
Times New Roman CYR	DejaVuSans
Times-Italic	DejaVuSans
Times-Roman	LiberationSerif
TimesNewRoman	LiberationSerif
TimesNewRoman,Bold	DejaVuSans
TimesNewRomanPSMT	DejaVuSans
Traditional Arabic	DejaVuSans
Trebuchet MS	DejaVuSans
Tunga	DejaVuSans
Tw Cen MT	DejaVuSans
Univers	DejaVuSans
Univers (W1)	DejaVuSans
Verdana	DejaVuSans
Verdana-Bold	DejaVuSans
Vrinda	DejaVuSans
WP TypographicSymbols	DejaVuSans
Webdings	OpenSymbol
Wingdings	OpenSymbol
Wingdings 2	OpenSymbol
Wingdings 3	OpenSymbol
Yu Gothic	DejaVuSans
Yu Gothic Light	DejaVuSans
Yu Mincho	DejaVuSans
proxima_novasemibold	DejaVuSans
roboto	DejaVuSans
ヒラギノ角ゴ Pro W3	DejaVuSans
メイリオ	DejaVuSans
华文中宋	DejaVuSans
华文新魏	DejaVuSans
华文楷体	DejaVuSans
宋体	DejaVuSans
微軟正黑體	DejaVuSans
微软雅黑	DejaVuSans
新細明體	DejaVuSans
方正姚体	DejaVuSans
方正舒体	DejaVuSans
標楷體	DejaVuSans
游ゴシック	DejaVuSans
游ゴシック Light	DejaVuSans
游明朝	DejaVuSans
等线	DejaVuSans
等线 Light	DejaVuSans
隶书	DejaVuSans
黑体	DejaVuSans
굴림	DejaVuSans
돋움	DejaVuSans
맑은 고딕	DejaVuSans
바탕	DejaVuSans
휴먼매직체	DejaVuSans
ＭＳ ゴシック	DejaVuSans
ＭＳ 明朝	DejaVuSans
ＭＳ Ｐゴシック	DejaVuSans
ＭＳ Ｐ明朝	DejaVuSans
