sheets/batch-001/xls/REDAC_SCHEDULE_RPD_135.xls	xls	1/1	202/202	3/3	0	match
sheets/batch-001/xls/Airplanes-MTOW.xls	xls	6/6	871/871	1/1	0	match
sheets/batch-001/xlsx/16424782563923.xlsx	xlsx	3/3	843/843	2/2	0	match
sheets/batch-001/xls/RPD 155 REDAC SCHEDULE 2014-04-02.xls	xls	1/1	151/151	3/3	0	match
sheets/batch-001/xlsx/FMMO_NMPF_37C.xlsx	xlsx	1/1	216/216	2/2	0	match
sheets/batch-001/xlsx/ExampleWhiteListData.xlsx	xlsx	6/6	821/821	1/1	0	match
sheets/batch-001/xlsx/Patent Index 2024 - Top 100 applicants 2024.xlsx	xlsx	1/1	444/444	2/2	0	match
sheets/batch-001/xlsx/Geo_Abschlussarbeiten.xlsx	xlsx	3/3	636/636	2/2	0	match
sheets/batch-001/xlsx/oltl-bulletin-59-26-03-ptr-sc-registration-form-for-oltl-approved-software.xlsx	xlsx	2/2	86/86	2/2	0	match
sheets/batch-001/xlsx/einvoice-summary-worksheet.xlsx	xlsx	2/2	298/298	2/2	0	match
sheets/batch-002/xls/2012-GA-Survey-Chapter-6-Tables-16Dec2013-V2.xls	xls	5/5	643/643	3/3	0	match
sheets/batch-002/xls/2012-GA-Survey-Chapter-5-Tables-16Dec2013-V2.xls	xls	3/3	537/537	3/3	0	match
sheets/batch-002/xls/REDAC_SCHEDULE_RPD_137.xls	xls	2/2	599/599	3/3	0	match
sheets/batch-002/xls/P1636e.xls	xls	2/2	345/344	2/2	0	match
sheets/batch-002/xlsx/(5000021142)-(subc0226)-criminology-subject-collection-list.xlsx	xlsx	3/3	604/604	2/2	0	match
sheets/batch-002/xlsx/AIRBUS_station_evaluation_checklist_v2.xlsx	xlsx	1/1	544/544	2/2	0	match
sheets/batch-002/xlsx/Upload__hvv_Linie_150_2023.XLSX	xlsx	1/1	237/237	1/1	0	match
sheets/batch-002/xlsx/Chicago.List.2025.xlsx	xlsx	3/3	1333/1348	2/2	0	match
sheets/batch-002/xlsx/e-pass-contact-details-template.xlsx	xlsx	4/4	27/27	1/1	0	match
sheets/batch-002/xlsx/WEBSITE-RESOURCE-LIST-by-CATEGORY-4-6-18-341pm.xlsx	xlsx	1/1	538/538	2/2	0	match
sheets/batch-003/xls/NPA_21_21_Sentenced_Comments.xls	xls	2/2	974/982	3/3	0	match
sheets/batch-003/xls/4-12-Kings-Attachment-13-Application-Architecture-Security-Requirements.xls	xls	6/6	1511/1508	2/2	0	match
sheets/batch-003/xls/disclosures_ecm.xls	xls	1/1	3532/3534	3/3	0	match
sheets/batch-003/xls/RPA-Budgets-FY-17-19-20.xls	xls	4/4	1042/1037	2/2	0	match
sheets/batch-003/xlsx/00514292.xlsx	xlsx	9/9	845/846	3/3	0	match
sheets/batch-003/xls/programs contact list as of 07-01-10.xls	xls	3/3	952/949	2/2	0	match
sheets/batch-003/xlsx/Bulletin-37-Appendix-2-immediate-detriment-data-request.xlsx	xlsx	5/5	541/541	3/3	0	match
sheets/batch-003/xlsx/Air_Boss_Master_List.xlsx	xlsx	5/5	530/527	2/2	0	match
sheets/batch-003/xlsx/VOR Candidate Discontinuance List 2026-01-08.xlsx	xlsx	7/7	1558/1558	2/2	0	match
sheets/batch-003/xlsx/redac-sas-201503-fy17-research-portfolio.xlsx	xlsx	2/2	749/754	5/5	0	match
sheets/batch-004/xls/NorwegianXPensionXFundXanalysisXexportsXandXLAWS-1.xls	xls	8/8	760/760	3/3	0	match
sheets/batch-004/xls/flying-log-passenger-23rd-september-2014.xls	xls	7/7	4039/4036	2/2	0	match
sheets/batch-004/xlsx/EU_145s_with_TCCA_approval_-_31.01.2025.xlsx	xlsx	14/14	2463/2463	1/1	0	match
sheets/batch-004/xls/permit-applications-determined-july-2015.xls	xls	1/1	1323/1323	2/2	0	match
sheets/batch-004/xlsx/Estero Rotary Awards.xlsx	xlsx	2/2	213/213	2/2	0	match
sheets/batch-004/xlsx/Foreign_SA-CAT-I_and_CAT-II-III_Pub_0.xlsx	xlsx	16/16	1505/1504	3/3	0	match
sheets/batch-004/xlsx/List-of-Members-August-2017.xlsx	xlsx	10/10	1701/1701	2/2	0	match
sheets/batch-004/xlsx/Part_375_Operators.xlsx	xlsx	19/19	2195/2197	3/3	0	match
sheets/batch-004/xlsx/UAE Type Accepted Aircraft Models.xlsx	xlsx	6/6	760/760	2/2	0	match
sheets/batch-004/xlsx/Travel-Cost-Estimate-Calculator.xlsx	xlsx	3/3	200/200	3/3	0	match
sheets/batch-005/xls/Praktikastellen_-_chinesischsprachiger_Kulturraum.xls	xls	34/34	1828/1828	2/2	0	match
sheets/batch-005/xls/Background_Declaration_Template.xls	xls	25/25	181/181	3/3	0	match
sheets/batch-005/xls/SectorAdvisoryGroupandStrategyBoards.xls	xls	7/7	2430/2430	2/2	0	match
sheets/batch-005/xls/apron-area.xls	xls	3/3	431/431	2/2	0	match
sheets/batch-005/xls/cy10_primary_enplanements.xls	xls	12/12	5283/5280	2/2	0	match
sheets/batch-005/xlsx/National-Reports.xlsx	xlsx	6/6	1276/1276	2/2	0	match
sheets/batch-005/xlsx/Part_129_Operators.xlsx	xlsx	23/23	4275/4277	2/2	0	match
sheets/batch-005/xlsx/arp-sop-300-Exhibit-A-Table-Templates.xlsx	xlsx	11/11	3758/3740	3/2	0	match
sheets/batch-005/xlsx/esurf-12-135-2024-t01.xlsx	xlsx	1/1	123/124	1/1	0	match
sheets/batch-006/xls/Hazard Analysis Template.xls	xls	3/3	683/682	4/4	0	match
sheets/batch-005/xlsx/fse_identification_form.xlsx	xlsx	3/3	443/443	3/3	0	match
sheets/batch-006/xls/WG7_NCWF_Skills_Table.XLS	xls	44/44	8536/8536	2/2	0	match
sheets/batch-006/xls/ZenithAviation_AuctionList.xls	xls	33/33	6626/6626	2/2	0	match
sheets/batch-006/xlsx/2017-04-27-Lease-Transition-Records-Checklist-FINAL-1.xlsx	xlsx	5/5	2365/2363	2/2	0	match
sheets/batch-006/xlsx/2020-01-29-Lease-Transition-Records-Checklist-FINAL-1.xlsx	xlsx	5/5	2365/2363	2/2	0	match
sheets/batch-006/xlsx/Infotabelle_WLAN im Flugzeug.xlsx	xlsx	4/4	408/406	2/2	0	match
sheets/batch-006/xlsx/Published_Issuances_2024.xlsx	xlsx	1/1	458/458	3/4	0	match
sheets/batch-006/xlsx/june_2025_published.xlsx	xlsx	15/15	13191/13191	2/2	0	match
sheets/batch-006/xlsx/SSRO_Quarterly_Statistical_Bulletin_Q3201617_DATA.xlsx	xlsx	4/4	548/550	4/5	0	match
sheets/batch-006/xlsx/register-changes-in-may-2024---adujsted.xlsx	xlsx	10/10	799/798	2/2	0	match
