words/batch-001/doc/GLACIERBG.ETT.doc	doc	1/1	410/409	2/3	0	match
words/batch-001/doc/FAA-2013-0422-0009_attachment_1.doc	doc	7/7	1908/1907	1/1	0	match
words/batch-001/doc/LENTOBUSSIAIKATAULU.-31.10.-31.12.2022.doc	doc	1/1	119/119	3/3	0	match
words/batch-001/doc/advert-for-draft-decision-airbus-epr-bm3965ia-v006.doc	doc	2/2	386/386	2/3	0	match
words/batch-001/docx/CMTA_Airport_Transportation.docx	docx	1/1	256/256	2/2	0	match
words/batch-001/doc/foca_form_1.doc	doc	3/3	1684/1684	2/2	0	match
words/batch-001/docx/Sample_PAO-PSO_91-113_Letter.docx	docx	1/1	317/317	2/2	0	match
words/batch-001/docx/Pre-Application_Letter_of_Intent_Example.docx	docx	1/1	350/350	2/2	0	match
words/batch-001/docx/private-hire-operators-licensed.docx	docx	2/2	239/239	2/2	0	match
words/batch-001/docx/Service-Bulletin-SDFNR5-April-25-2023-FNR-TRANSMISSION-LUBRICATION.docx	docx	1/1	296/296	2/3	0	match
words/batch-002/doc/FMRBullletinB-28.doc	doc	2/2	460/461	3/3	0	match
words/batch-002/doc/Bull01-06-Reserve Training Standards.doc	doc	6/6	1484/1483	2/2	0	match
words/batch-002/docx/AUWG min 4-3-24 final.docx	docx	2/2	647/647	2/2	0	match
words/batch-002/doc/prison-population-bulletin-june.doc	doc	4/4	1440/1440	2/2	0	match
words/batch-002/docx/FAA-High-Level-Org-Chart.docx	docx	3/3	693/693	4/4	0	match
words/batch-002/docx/CSCRS_Technical-Report-Documentation-Page-with-instructions.docx	docx	2/2	722/720	3/3	0	match
words/batch-002/docx/Interview-mit-Manfred1-Müller.docx	docx	2/2	806/805	2/2	0	match
words/batch-002/docx/easa-form-1.docx	docx	5/5	1428/1428	2/2	0	match
words/batch-002/docx/lk03_17.docx	docx	2/2	368/368	2/2	0	match
words/batch-002/docx/s33song-beverlyactproductionofdocuments.docx	docx	2/2	572/572	3/3	0	match
words/batch-003/doc/10795.doc	doc	4/4	854/854	3/4	0	match
words/batch-003/doc/96-3-clement-data.doc	doc	7/7	1501/1500	3/4	0	match
words/batch-003/doc/DEP2008-1900.doc	doc	4/4	1001/1000	4/4	0	match
words/batch-003/doc/II.1.2_Hypoxia.doc	doc	13/13	3737/3740	2/2	0	match
words/batch-003/doc/Temp16.doc	doc	2/2	671/671	3/3	0	match
words/batch-003/docx/191216_Lesefassung_Nachtflugregelung.docx	docx	3/3	906/906	4/4	0	match
words/batch-003/docx/2015-April-SWIM_Users_Forum-Q&A.docx	docx	5/5	1705/1704	4/4	0	match
words/batch-003/docx/DRX-Ascend System Course Description.docx	docx	2/2	480/480	3/4	0	match
words/batch-003/docx/Technical_Issue_Report_Form.docx	docx	2/2	404/404	4/4	0	match
words/batch-003/docx/mde087077~283.docx	docx	4/4	987/987	3/3	0	match
words/batch-004/doc/07-04.doc	doc	3/3	1074/1071	5/5	0	match
words/batch-004/doc/1447.doc	doc	3/3	962/962	5/5	0	match
words/batch-004/doc/2ca950374241722b8ea7c132dfce63ae.doc	doc	3/3	1007/1007	4/4	0	match
words/batch-004/doc/opic 5--Case Studies Movie and Aviation Industries.doc	doc	5/5	1196/1196	5/5	0	match
words/batch-004/docx/1528039320.docx	docx	1/1	291/291	2/2	0	match
words/batch-004/docx/461249.docx	docx	5/5	1703/1700	4/4	0	match
words/batch-004/docx/How-to-Write-an-Architecture-Document-for-a-Technology-Service.docx	docx	3/3	953/953	2/3	0	match
words/batch-004/docx/License App Instructions 2-22.docx	docx	3/3	1015/1014	3/4	0	match
words/batch-004/docx/PAT-047 - Architecture and Detailed Design Assessment.docx	docx	4/4	1092/1091	5/6	0	match
words/batch-004/docx/Software Architecture Document Template.docx	docx	3/3	596/595	4/5	0	match
words/batch-005/doc/316r_a_e.doc	doc	14/14	4412/4400	3/4	0	match
words/batch-005/doc/316r_a_f.doc	doc	14/14	4600/4589	3/4	0	match
words/batch-005/doc/Theft-Restitution-Letter-Vancouver-ASC-2005.doc	doc	1/1	265/265	2/2	0	match
words/batch-005/doc/RobertQ_Service.doc	doc	4/4	585/585	2/2	0	match
words/batch-005/docx/2024-12_Comlux_opens_Maintenance_and_Service_Center_in_Dubai.docx	docx	3/3	670/670	4/3	0	match
words/batch-005/doc/loi_format_letter_of_intent-a-320-214-a330.doc	doc	10/10	3365/3365	4/5	0	match
words/batch-005/docx/Technical Report and Technical Update Guidelines.docx	docx	4/4	1210/1209	4/5	0	match
words/batch-005/docx/BID_ACKNOWLEDGEMENT_FORM_FOR_A320.docx	docx	2/2	306/307	3/3	0	match
words/batch-005/docx/healthcare-reform-nsa-consumer-bulletin.docx	docx	4/4	1701/1701	5/5	0	match
words/batch-005/docx/part-147_approval list_20230119.docx	docx	2/2	632/636	4/5	0	match
words/batch-006/doc/003.doc	doc	4/4	986/986	2/3	0	match
words/batch-006/doc/1244277 1 Comment.doc	doc	2/2	393/393	5/5	0	match
words/batch-006/doc/LHD-230-application-for-the-approval-of-an-aircraftr.doc	doc	2/2	776/776	2/3	0	match
words/batch-006/doc/P200904290238_0238_51880.doc	doc	3/3	271/271	5/4	0	match
words/batch-006/docx/62599_FRANCE-BRAZIL- Air France Flight 447 crash.docx	docx	18/18	6154/6155	2/2	0	match
words/batch-006/docx/SDL_FSDO_Part91_LOA_Checklist.docx	docx	2/2	430/430	3/3	0	match
words/batch-006/docx/cacs-206-1751218225.docx	docx	2/2	347/347	2/3	0	match
words/batch-006/docx/f445896eb008d14c1746fc37d412dc22.docx	docx	15/16	5575/5575	3/3	0	pages
words/batch-006/docx/healthcare-reform-nsa-provider-bulletin.docx	docx	5/5	1944/1942	7/7	0	match
words/batch-006/docx/technical-memo-format.docx	docx	5/5	1820/1819	4/5	0	match
words/batch-007/doc/RNW167A-150428.doc	doc	9/9	1770/1770	5/5	0	match
words/batch-007/doc/Wales_Office_Quarter_4_Ministerial_Transparency_Return.DOC	doc	6/6	948/948	4/4	0	match
words/batch-007/doc/chapter 12.doc	doc	12/12	3671/3671	4/4	0	match
words/batch-007/doc/congregationalhistories_ky_2023.doc	doc	1/1	253/252	3/3	0	match
words/batch-007/docx/0c662f5c948a7d81d32ffd833c5cc59421a5f522.docx	docx	1/1	405/412	4/4	0	match
words/batch-007/docx/Press release_EUREKA labels ITEA 3 Cluster.docx	docx	2/2	838/823	3/3	0	match
words/batch-007/docx/final-technical-report-template.docx	docx	6/6	1127/1135	5/6	0	match
words/batch-007/docx/johnson_hall_service_log.pdf.docx	docx	1/1	316/316	6/6	0	match
words/batch-007/docx/technical-report-template.docx	docx	7/7	730/718	1/2	0	match
words/batch-007/docx/template-technical-report.docx	docx	10/10	844/844	2/3	0	match
words/batch-008/doc/1245685 1 Comment.doc	doc	1/1	326/326	7/7	0	match
words/batch-008/doc/FlightLaws.doc	doc	4/4	1076/1077	3/5	0	match
words/batch-008/doc/2024-2nd-quarter-case-summaries.doc	doc	10/10	5677/5677	3/4	0	match
words/batch-008/docx/09.docx	docx	2/2	464/463	4/4	0	match
words/batch-008/doc/PUR-0012-UTAS-GRAMS-SPA-Template-1-25-2024.doc	doc	6/6	1054/1054	3/4	0	match
words/batch-008/docx/ECSS-E-ST-50-16C-Annex-A(30September2021).docx	docx	4/4	687/687	4/4	0	match
words/batch-008/docx/4400-91_Proposal_To_Lease_Space_10-2024.docx	docx	6/6	3291/3291	5/5	0	match
words/batch-008/docx/UAS-SGI_waiver_approval_request_form.docx	docx	2/2	505/504	2/3	0	match
words/batch-008/docx/FAA-2017-0628-0002_attachment_1.docx	docx	4/4	639/639	5/5	0	match
words/batch-009/doc/2013-op12-Annex III - Curriculum Vitae.doc	doc	3/3	345/344	2/3	0	match
words/batch-008/docx/draft-variation-notice-airbus-bm3965ia-v006-vs-comments.docx	docx	9/9	1523/1506	2/3	0	match
words/batch-009/doc/A380MaenPressRel.doc	doc	3/3	778/778	5/6	0	match
words/batch-009/doc/237287_0486190101_0486190101_geolink2neu.doc	doc	8/8	1563/1563	4/4	0	match
words/batch-009/doc/certification-flight-standards-doc-oeb-supporting-documents-tgl-TGL26-section-5-REV10.doc	doc	8/8	1268/1268	4/4	0	match
words/batch-009/doc/CP-ETSO template_v2020.DOC	doc	6/6	1118/1118	3/6	0	match
words/batch-009/docx/Contract_Check_Pilot_Sample_LOA.docx	docx	4/4	1328/1328	5/6	0	match
words/batch-009/docx/Case-Study-Heathrow-Airport.docx	docx	3/3	1186/1186	5/6	0	match
words/batch-009/docx/SWDD-template.docx	docx	6/6	1064/1080	6/6	0	match
words/batch-009/docx/Lessons-Learned-Bulletin-Dorset-version-to-IIRG-V5.docx	docx	3/3	1531/1531	4/4	0	match
words/batch-009/docx/form_1123_application_form_rvsm_spa.docx	docx	3/3	596/596	4/5	0	match
