same	slides/batch-001/ppt/WC_Update-Aug03.ppt
same	slides/batch-001/ppt/policy-pesentation.ppt
same	slides/batch-001/ppt/wells08_basic.ppt
same	slides/batch-001/pptx/111006 COMSTAC STOWG Aero spaceports IFG.pptx
same	slides/batch-001/pptx/BMFE-06-03 (Gerflor) Smoke Density and Toxicity.pptx
same	slides/batch-001/pptx/Definitions commodity chains.pptx
same	slides/batch-001/pptx/Statement of Work presentation.pptx
same	slides/batch-001/pptx/Trust Fund Excise Taxes Structure.pptx
same	slides/batch-001/pptx/fishbone-diagram-template-ppt-1.pptx
same	slides/batch-002/ppt/080214-Intl-pol-frameworks-and-their-implications-for-Africa-ISS-workshop.ppt
same	slides/batch-002/ppt/gfopportunitiesforlinkagespres_2010_en.ppt
same	slides/batch-002/ppt/ws_prod-g-doc-Events-2007-Approval-of-Flight-Conditions-RM-NAA-16032007.ppt
same	slides/batch-002/ppt/ws_prod-g-doc-Events-2007-may-presentation-PtF-background-+-principles.ppt
same	slides/batch-002/ppt/ws_prod-g-doc-Events-2007-november-IACA-presentation-at-EASA-Fuel-Tank-Safety-Training-Seminar.ppt
same	slides/batch-002/ppt/ws_prod-g-doc-Events-Part-M-presentation.ppt
same	slides/batch-002/pptx/Curriculum-Schematic-E22-11052025.pptx
same	slides/batch-002/pptx/diapo_6_fees_vous_etes_poctdoct_exterieur_a_luniv_v2_0_1.pptx
same	slides/batch-002/pptx/iaeg_work_group_leader_updates.pptx
same	slides/batch-002/pptx/medicines_bulletin_february_2023_final.pptx
same	slides/batch-003/ppt/010605Vul.ppt
same	slides/batch-003/ppt/Inducement-to-Insurance-Business.ppt
same	slides/batch-003/ppt/outlook_of_nigerian_pension_sector.ppt
same	slides/batch-003/ppt/ws_prod-g-doc-Events-2007-Privileges.ppt
same	slides/batch-003/ppt/ws_prod-g-doc-Events-2007-september-MDM.032-(ENGLISH)-CZ.ppt
same	slides/batch-003/pptx/02_REDAC_New ATM briefing _March 2017v2.pptx
same	slides/batch-003/pptx/97936.pptx
same	slides/batch-003/pptx/NCW-2024-Guide-.pptx
same	slides/batch-003/pptx/dhs-293364.pptx
same	slides/batch-003/pptx/ev122_jj-liew-tort-of-bribery-webinar.pptx
same	slides/batch-004/ppt/undp_presentation_revised_17_may.ppt
same	slides/batch-004/ppt/ws_prod-g-doc-Events-2007-september-M.017-(French)-France.ppt
same	slides/batch-004/ppt/ws_prod-g-doc-Events-industrymeeting18112004-European-Safety-Strategy-Initiative.ppt
same	slides/batch-004/pptx/DOE Interactive Exercise Presentation draft rev 2.pptx
same	slides/batch-004/pptx/Item 6b - UNSD - Dissemination through APIs.pptx
same	slides/batch-004/pptx/Liturgical-Commission-2025-Convention-Presentation.pptx
same	slides/batch-004/pptx/Session 21- The option to expand & abandon.pptx
same	slides/batch-004/pptx/ghgp-supply-chain-initiative_20100323_wri.pptx
same	slides/batch-004/pptx/redac-fullComm-201705-EE-FRs-briefing.pptx
same	slides/batch-004/pptx/solog_orientation_august_2019.pptx
same	slides/batch-005/ppt/0335fab9-79f0-4944-b92c-f223837ca2d8.ppt
same	slides/batch-005/ppt/berlin.ppt
same	slides/batch-005/ppt/ws_prod-g-doc-Events-industrymeeting18112004-Aercap.ppt
same	slides/batch-005/pptx/5b_upasana_dasgupta_-_liability_and_registration.pptx
same	slides/batch-005/pptx/ANG C-1 ATC-TO Core Program - HF REDAC briefing September 7 2016.pptx
same	slides/batch-005/pptx/NAS-Infrastructure-Roadmaps-Weather.pptx
same	slides/batch-005/pptx/attendance-updates-for-governors.pptx
same	slides/batch-005/pptx/c_291533.pptx
same	slides/batch-005/pptx/manufacturing_process_simulation_working_group_overview_2023.pptx
same	slides/batch-006/ppt/ITE106-Chapter 4.ppt
same	slides/batch-006/ppt/Lepore.ppt
same	slides/batch-006/ppt/pods05.ppt
same	slides/batch-006/ppt/ws_prod-g-doc-Events-r-6.-ESM.ppt
same	slides/batch-006/pptx/Course Selection 2025-26 Current Grade 09.pptx
same	slides/batch-006/pptx/NAS-Infrastructure-Roadmaps-HSI.pptx
same	slides/batch-006/pptx/Stakeholders-v08052017 - v5.pptx
same	slides/batch-006/pptx/iris07.12.12.pptx
same	slides/batch-006/pptx/social-media-app-bulletin-january.pptx
same	slides/batch-006/pptx/wopanets-innovationdays-06-16.pptx
same	slides/batch-007/ppt/1-secretariat.ppt
same	slides/batch-007/ppt/architecture6.ppt
same	slides/batch-007/ppt/introduction_to_bea_tuxedo.ppt
same	slides/batch-007/pptx/Boeing 737 Max - Group 5.pptx
same	slides/batch-007/pptx/Ensemble-pour-l-amelioration-de-la-securite-de-lac-AIRBUS.pptx
same	slides/batch-007/pptx/PAL Block Intro 2023.pptx
same	slides/batch-007/pptx/REDAC HF briefing Sep 2016_LARD_ATC_TO_FE_v2.pptx
same	slides/batch-007/pptx/bitesize-writing-a-report.pptx
same	slides/batch-007/pptx/flying-by-numbers-presentation.pptx
same	slides/batch-007/pptx/nabiyeleul_1_aviation_service_28_july_2020.pptx
same	slides/batch-008/ppt/71393_pp7.ppt
same	slides/batch-008/ppt/Framing Europe.ppt
same	slides/batch-008/ppt/RESPA_-_Section_8_Webinar.ppt
same	slides/batch-008/ppt/concepts-surrounding-cloud-computing-carolyn-kranz-and-rich-prem-gb-seattle-2011.ppt
same	slides/batch-008/ppt/joint_user_outcomes_michael_fullerton_29.06.12.ppt
same	slides/batch-008/pptx/10. Drawings, circuit diagrams and schematics.pptx
same	slides/batch-008/pptx/8_P-Pavese_AIRBUS-ATB-journee-CRATB.pptx
same	slides/batch-008/pptx/AATF-Fact-Sheet-2025.pptx
same	slides/batch-008/pptx/BHCA Part II webinar #2 - 10.2020.pptx
same	slides/batch-008/pptx/FIT26-Presentation-Airservices-Update.pptx
same	slides/batch-009/ppt/8.16_AOD_FINAL_Provider_Training_Presentation_9_2009.ppt
same	slides/batch-009/ppt/Airport Planning 09112013.ppt
same	slides/batch-009/ppt/EG1_dsrc tech.ppt
same	slides/batch-009/ppt/Employment-Based_I-485.ppt
same	slides/batch-009/pptx/G-InvoicingKeithJarboe.pptx
same	slides/batch-009/pptx/NWD-GLA-Community-Outreach-Day-Oct-2025.pptx
same	slides/batch-009/pptx/ROK-PI Climate Bulletin - Edition 2017-06.pptx
same	slides/batch-009/pptx/airbus-powerpoint-presentation-2019-20-without-video_diy_2019-20.pptx
same	slides/batch-009/pptx/item_3-environmental_process_briefing.pptx
same	slides/batch-009/pptx/redac-sas-201403-ppt-portfolio-rev-sim.pptx
same	slides/batch-010/ppt/Fundamentals_Module_1_basics.ppt
same	slides/batch-010/ppt/W3_Case_Study_of_a_Tsunami_Warning_Simulation_Exercise_Ed.ppt
same	slides/batch-010/ppt/iep-amount-frequency-for-webinar.ppt
same	slides/batch-010/pptx/30-04-2021 merged NDoH and NICD_Presentation HBV BD meeting 05May2021_1.pptx
same	slides/batch-010/pptx/COMSTAC_11_5_2021am_2.pptx
same	slides/batch-010/pptx/FIT26-Presentation-PR-Briefing-Debrief-Airbus.pptx
same	slides/batch-010/pptx/HENTZEN_COMPOSITE_MATERIALS_IN_THE_AEROSPACE_INDUSTRY.pptx
same	slides/batch-010/pptx/Tax factsheet 2022 (1).pptx
same	slides/batch-010/pptx/[Christophe]NLP_reseau_inge_stat.pptx
same	slides/batch-010/pptx/southern-classic-kennesaw-state-university-final.pptx
same	slides/batch-011/ppt/BUS-Chapter 05.ppt
same	slides/batch-011/pptx/171128IPAP.pptx
same	slides/batch-011/pptx/BasicMed_AME_Presentation.pptx
same	slides/batch-011/pptx/Copy of Full deck with references Promotion of Outside Interests at Work final(1).pptx
same	slides/batch-011/pptx/DoIRD Meeting 16JAN14 v1-1.pptx
same	slides/batch-011/pptx/John_Broggio__RSS_Campion_event_John_Broggio.pptx
same	slides/batch-011/pptx/REDAC Briefing_SSIT_CARA_08132014.ppt.pptx
same	slides/batch-011/pptx/Sector_Skills_Insights_Advanced_Manufacturing_summary_slide_pack.pptx
same	slides/batch-011/pptx/passiv.pptx
same	slides/batch-011/pptx/section_1_our_rights_presentation.pptx
same	slides/batch-012/pptx/1_Country-Updates_DRC_English.pptx
same	slides/batch-012/pptx/23-session-2-pptx.pptx
same	slides/batch-012/pptx/3495.pptx
same	slides/batch-012/pptx/B2B-Center-Readiness-and-Student-Retention.pptx
same	slides/batch-012/pptx/NAS-Infrastructure-Roadmaps-v16.0.pptx
same	slides/batch-012/pptx/OnTrac_StarCertificationProgram-3Day.pptx
same	slides/batch-012/pptx/Session-1-Presentation-Reporting-Forms-Form-12-final.pptx
same	slides/batch-012/pptx/Sylva%20introduction%20session.pptx
same	slides/batch-012/pptx/_1___Opatrny_Ales_United_Kingdom_business_opportunities_final.pptx
same	slides/batch-012/pptx/order-of-worship-ppt-revised-2018.pptx
same	slides/batch-013/ppt/JesuitAssocOfStudentPersonnel.ppt
same	slides/batch-013/ppt/RRM-training-syllabus-Chapter-3-Teamwork-TC-Towing-Incident-Analysis-Dec-2009.ppt
same	slides/batch-013/ppt/gillikin_online_user_mtg_2010.ppt
same	slides/batch-013/pptx/3492.pptx
same	slides/batch-013/pptx/7-Zulkefli_Part147n66_IKMAS.pptx
same	slides/batch-013/pptx/County ACHS Presentaion Webinar 8-16-16 Peg.pptx
same	slides/batch-013/pptx/REDAC briefing March12-13-2014jemvbFINAL.ppt.pptx
same	slides/batch-013/pptx/SRDMG(16)024_60 GHz onboard airplanes.pptx
same	slides/batch-013/pptx/vv_summit_SAIC-PRESENTATION_FAA-V&V-Summit_508c.pptx
same	slides/batch-013/pptx/vvsummit2022-SAIC-PRESENTATION.pptx
same	slides/batch-014/ppt/Thailand17.ppt
same	slides/batch-014/ppt/ws_prod-g-doc-Events-2008-February-5-NATO-activities.ppt
same	slides/batch-014/pptx/2014BSA_Sunday_Killion.pptx
same	slides/batch-014/pptx/429_BLISc 2019 IInd Sem.  PAPER-7 UNIT 3.pptx
same	slides/batch-014/pptx/Intersil_Italy_CAN_Bus_Transceiver_Presentation_Final.pptx
same	slides/batch-014/pptx/N2_E_Maestroni_Swarm_COP.pptx
same	slides/batch-014/pptx/Ramp Up Campaign - French.pptx
same	slides/batch-014/pptx/Sean Monogue.pptx
same	slides/batch-014/pptx/Structural Testing.pptx
same	slides/batch-014/pptx/WiGr_2021W_1_Angebot-Nachfrage-Elastizität-211017-171222.pptx
same	slides/batch-015/ppt/2015-Civil-Rights-Website-training.ppt
same	slides/batch-015/ppt/Aerospace_Journey_of_Flight_Chapter_BCB1637572DA6.ppt
same	slides/batch-015/ppt/FAA_Form_337.ppt
same	slides/batch-015/ppt/hofman.ppt
same	slides/batch-015/pptx/PRM_training.pptx
same	slides/batch-015/pptx/chapter_4_0.pptx
same	slides/batch-015/pptx/redac-sas-201509-asisp-research.pptx
same	slides/batch-015/pptx/redac-sas-201703-hf-research-division.pptx
same	slides/batch-015/pptx/schematicplay.pptx
same	slides/batch-015/pptx/schematicplaymar21.pptx
same	slides/batch-016/ppt/pres_ioc_phuket.ppt
same	slides/batch-016/pptx/16 - UTM - (NASA).pptx
same	slides/batch-016/pptx/FAAAIandtheArtandScienceofV&Vfinal.pptx
same	slides/batch-016/pptx/Presentation - Identify Components of the Airport (1).pptx
same	slides/batch-016/pptx/Reporting_responsibilities_matrix.pptx
same	slides/batch-016/pptx/Snowbirds_High_Show.pptx
same	slides/batch-016/pptx/Technical_Report_Elements[1].pptx
same	slides/batch-016/pptx/redac-nasops-201503-RIRP-portfolio-update.pptx
same	slides/batch-016/pptx/servicedesk-plus-overviewfinal.pptx
same	slides/batch-016/pptx/vvsummit2022-Research-Roadmap-and-the-UML-3-Operational-Integration-Assessment.pptx
same	slides/batch-017/ppt/Architecture.ppt
same	slides/batch-017/pptx/1200-Assigning-Club-officers.pptx
same	slides/batch-017/pptx/Demick_JetBlue.pptx
same	slides/batch-017/pptx/RPA P4 - Advanced Material.pptx
same	slides/batch-017/pptx/Wildlife for REDAC September 11.pptx
