(5000021142)-(subc0226)-criminology-subject-collection-list__xlsx		LiberationSans,LiberationSans-Bold,
00514292__xlsx		LiberationSans,LiberationSans-Bold,LiberationSans-BoldItalic,
114339-PROP-P127508-PUBLIC-PPCRNARCPPforPublication__xlsx		Carlito-Bold,Carlito-Italic,Carlito-Regular,
16424782563923__xlsx		Carlito-Bold,Carlito-Regular,
18-02RD301_ILS_components_Master_9-13-18__xls		DejaVuSans,LiberationSans,LiberationSans-Bold,
2012-GA-Survey-Chapter-5-Tables-16Dec2013-V2__xls		LiberationSans,LiberationSans-Bold,LiberationSans-BoldItalic,
2012-GA-Survey-Chapter-6-Tables-16Dec2013-V2__xls		LiberationSans,LiberationSans-Bold,LiberationSans-BoldItalic,
2015-19 top 25 Arms producing companies data - to upload on website - FINAL_edit__xlsx		LiberationSerif,LiberationSerif-Bold,LiberationSerif-Italic,
2017-04-27-Lease-Transition-Records-Checklist-FINAL-1__xlsx		DejaVuSans,DejaVuSans-Bold,
2020-01-29-Lease-Transition-Records-Checklist-FINAL-1__xlsx		DejaVuSans,DejaVuSans-Bold,
2023-qhp-form-and-rate-combined-checklist-final__xlsx		LiberationSerif,LiberationSerif-Bold,LiberationSerif-BoldItalic,
2025_Active_Civil_Airmen_Statistics_FINAL__xlsx	LiberationSerif 	Caladea-Regular,Carlito-Bold,Carlito-Regular,DejaVuSans,DejaVuSans-Bold,LiberationSans,
4-12-Kings-Attachment-13-Application-Architecture-Security-Requirements__xls		LiberationSans,LiberationSans-Bold,
6880ac7361ca1b99a9230811_ST Capability List Rev.16 - Web__xlsx	LiberationSerif 	DejaVuSans,DejaVuSans-Bold,LiberationSans,
6f9e605c-fded-11e3-bd0e-00144feab7de__xls		DejaVuSans,DejaVuSans-Bold,LiberationSans,LiberationSans-Bold,LiberationSerif-Italic,
7-memento-2015-transports-aeriens-b__xls	LiberationSerif 	LiberationSans,LiberationSans-Bold,LiberationSans-BoldItalic,LiberationSans-Italic,LiberationSerif-Bold,
ACRONYM__xls		LiberationSerif,LiberationSerif-Bold,
AFCforPtF-Digital-Certificate-Publication-Report__xlsx		LiberationSans,
AFS-400_Contacts__xlsx		Carlito-Bold,Carlito-Regular,
AIM_OPR_LIST__xls	DejaVuSans 	Carlito-Bold,Carlito-Regular,LiberationSans,
AIRBUS_station_evaluation_checklist_v2__xlsx		LiberationSans,LiberationSans-Bold,
AMOC-Digital-Certificate-Publication-Report__xlsx		LiberationSans,
Air_Boss_Master_List__xlsx	Carlito-Bold 	Carlito-Regular,LiberationSans,
Aircraft_Database__xlsx		Carlito-Bold,Carlito-Regular,LiberationSans,LiberationSans-Italic,
Airplanes-MTOW__xls		Carlito-Regular,
Application_Compliance_Checklist_5_Apr_2021__xlsx	DejaVuSans-Bold 	Caladea-Regular,Carlito-Bold,Carlito-Regular,DejaVuSans,LiberationSans,LiberationSans-Bold,LiberationSans-Italic,
Application_for_authorisation_as_crowdfunding_service_provider__xlsx		DejaVuSans,DejaVuSans-Bold,
Aviation_Abbreviations__xlsx		Carlito-Regular,LiberationSans,LiberationSans-Bold,LiberationSans-Italic,
Background_Declaration_Template__xls		Carlito-Bold,Carlito-Regular,DejaVuSans-Bold,
Bulletin-37-Appendix-2-immediate-detriment-data-request__xlsx		Carlito-Regular,LiberationSans,LiberationSans-Bold,
CIS_Debian_Linux_8_Benchmark_v1.0.0__xls		LiberationSans,LiberationSans-Bold,
CSA_CCM_v1.2__xls		LiberationSans,LiberationSans-Bold,
CSJU List of Recipients of funds 2013-2020__xlsx		Carlito-Bold,Carlito-Italic,Carlito-Regular,LiberationSans,LiberationSans-Bold,
Capability_List_9-14-2022_Dallas_Combined-Aircraft_Manuf_unsorted__xlsx		Carlito-Regular,
Chicago.List.2025__xlsx		Carlito-Bold,Carlito-Regular,
Company_Seniority_Date_Calculator__xlsx		Carlito-Bold,Carlito-Regular,DejaVuSans,DejaVuSans-Bold,LiberationSans,LiberationSerif,OpenSymbol,
Computer and Software Services_50 State Comparison__xlsx	DejaVuSans 	LiberationSans,LiberationSans-Bold,
Copy of EASA-IFP-WEBLISTNOODATA-ListsofBASAapprovals(WEB)_ListofValidUSBASAorganisations_2023-01-13-04-33-14__xlsx		LiberationSans,
DOE-C2M2-V1.1-to-DOE-C2M2-V2.1 (1.1.0)__xlsx		Carlito-Bold,Carlito-Italic,Carlito-Regular,DejaVuSans,DejaVuSans-Bold,
Data-Architecture-Tool-Fit-Assessment-Template__xlsx		Carlito-Bold,Carlito-Italic,Carlito-Regular,LiberationSans,LiberationSans-Italic,
EASA-IFP-145Scope(WEB)_ALL_ValidF145SOA_2022-12-16-04-31-58_0__xlsx		Carlito-Regular,
EASA-IFP-147Scope_WEB__ALL_Valid147SoA_2024-11-28-11-16-31__xlsx		Carlito-Regular,
EASA-IFP-WEBLISTNOODATA-ListsofBASAapprovals_WEB__ListofValidBASAorganisations_2025-01-20-08-56-36__xlsx		LiberationSans,
EASA-IFP-WEBLISTNOODATA-ListsofForeignapprovals(WEB)_NewChart_2022-08-05-03-31-32__xlsx		Carlito-Regular,
EASA_PRODUCT_LIST_-_ALL__xlsx		LiberationSans,LiberationSans-Bold,
ECA Sinters__xls		DejaVuSans-Bold,LiberationSans-Bold,
EHEST-Pre-departure-checklist-Rev.-1-06-12-2016__xls	Carlito-Bold 	Carlito-Regular,DejaVuSans,DejaVuSans-Bold,LiberationSans,LiberationSans-Bold,
EU_145s_with_TCCA_approval_-_31.01.2025__xlsx		Carlito-Regular,
Estero Rotary Awards__xlsx		DejaVuSans,DejaVuSans-Bold,
ExampleWhiteListData__xlsx		LiberationSans,
FAA-2019-0995-0002_attachment_2__xlsx	LiberationSerif 	Carlito-Bold,DejaVuSans,DejaVuSans-Bold,LiberationSans,LiberationSans-Bold,
FMMO_NMPF_37C__xlsx		Carlito-Bold,Carlito-Regular,
FY2018_Q4_UAS_Sightings__xlsx		Carlito-Regular,
FY2021-AIP-grants__xlsx		Carlito-Bold,Carlito-Regular,DejaVuSans,
FY2023-AIP-grants__xlsx		Carlito-Bold,Carlito-Regular,LiberationSans,
Foreign_SA-CAT-I_and_CAT-II-III_Pub_0__xlsx		Carlito-Regular,LiberationSans,LiberationSans-Bold,
Geo_Abschlussarbeiten__xlsx		LiberationSans,LiberationSans-Bold,
Global_Market_Forecast_2016-2035_Airbus_Data_Set__xlsx		Carlito-Bold,Carlito-Regular,LiberationSans,LiberationSans-Bold,
Hazard Analysis Template__xls		DejaVuSans,DejaVuSans-Bold,LiberationSans,LiberationSans-Bold,
INDEX_Digital_Transformation_Toolkits__xls		DejaVuSans,DejaVuSans-Bold,LiberationSans-Bold,
Infotabelle_WLAN im Flugzeug__xlsx		DejaVuSans,DejaVuSans-Bold,
Keywords_Mapping_Graphs_and_Charts__xlsx		Carlito-Bold,Carlito-Regular,
Laser Report 2024 FOIA __Oct (1)__xlsx		Carlito-Regular,
List of EQS securities_0__xls		Carlito-Regular,LiberationSans-Bold,
List-of-Members-August-2017__xlsx		LiberationSans,LiberationSans-Bold,
Liste-Zertifizierung-ChemKlimaschutzV-RPT__xls		LiberationSans,LiberationSans-Bold,
MajCh-Digital-Certificate-Publication-Report__xlsx		LiberationSans,
MinCh-Digital-Certificate-Publication-Report__xlsx		LiberationSans,
NAARMO_Mexico_RVSM_Approvals__xlsx		Carlito-Bold,Carlito-BoldItalic,Carlito-Italic,Carlito-Regular,LiberationSans,
NPA_21_21_Sentenced_Comments__xls		LiberationSans,LiberationSans-Bold,LiberationSans-Italic,
NPIAS_2007_App_A__xls		DejaVuSans,DejaVuSans-Bold,
NPIAS_App_A__xls		DejaVuSans-Bold,LiberationSans,LiberationSans-Bold,LiberationSans-BoldItalic,LiberationSerif,LiberationSerif-Bold,LiberationSerif-BoldItalic,
National-Finalists-2024-1__xlsx		Carlito-Bold,Carlito-Regular,DejaVuSans,
National-Reports__xlsx		LiberationSerif,LiberationSerif-Bold,
NorwegianXPensionXFundXanalysisXexportsXandXLAWS-1__xls		Carlito-Bold,Carlito-Regular,LiberationSans,
ODs-February-2022-Airbus-Commercial-Aircraft__xlsx		Carlito-Regular,LiberationSans,LiberationSans-Bold,
P1636e__xls		LiberationSerif,LiberationSerif-Bold,
PA_Delaware__xls		DejaVuSans,LiberationSans,
PBN Matrix NAAs (V01)__xlsx		Carlito-Bold,Carlito-Italic,Carlito-Regular,LiberationSans,LiberationSans-Bold,LiberationSerif,
PC1000__xls		LiberationMono,LiberationSans,LiberationSans-Bold,LiberationSerif,LiberationSerif-Bold,
Part_129_Operators__xlsx	LiberationSerif 	DejaVuSans,LiberationSans,
Part_375_Operators__xlsx	LiberationSerif 	Carlito-Bold,Carlito-Regular,LiberationSans,
Patent Index 2024 - Top 100 applicants 2024__xlsx		LiberationSans,LiberationSans-Bold,
Performance__xlsx		Carlito-Bold,Carlito-Regular,DejaVuSans,OpenSymbol,
Praktikastellen_-_chinesischsprachiger_Kulturraum__xls		Carlito-Bold,Carlito-Regular,
Published_Issuances_2024__xlsx	Carlito-Regular LiberationSerif 	DejaVuSans,DejaVuSans-Bold,LiberationSans,
RCO_VOR_Master_List_082824__xlsx		Carlito-Bold,Carlito-Regular,
REDAC_SCHEDULE_RPD_135__xls		LiberationSans,LiberationSans-Bold,OpenSymbol,
REDAC_SCHEDULE_RPD_137__xls		LiberationSans,LiberationSans-Bold,OpenSymbol,
RMP 2011-2014 and Inventory__xls		DejaVuSans,DejaVuSans-Bold,LiberationSans,LiberationSans-Bold,
RPA-Budgets-FY-17-19-20__xls		Carlito-Bold,Carlito-Regular,
RPD 155 REDAC SCHEDULE 2014-04-02__xls		LiberationSans,LiberationSans-Bold,OpenSymbol,
RVSM_Non_approved_list_2025_84c0b3f4ac__xlsx		Carlito-Bold,Carlito-Regular,
RegChangeReport__xlsx	Carlito-Regular 	LiberationSans,LiberationSans-Bold,LiberationSans-Italic,
SIL_TDB605__xls		Carlito-Bold,Carlito-Regular,DejaVuSans,DejaVuSans-Bold,LiberationSans,LiberationSans-Bold,LiberationSerif,LiberationSerif-Bold,
SIL_TDB609__xls		Carlito-Bold,Carlito-Regular,DejaVuSans,DejaVuSans-Bold,LiberationSans,LiberationSans-Bold,LiberationSerif,LiberationSerif-Bold,
SIL_TDB648__xlsx		Carlito-Bold,Carlito-Regular,DejaVuSans,DejaVuSans-Bold,LiberationSans,LiberationSerif,LiberationSerif-Bold,
SLSA_Directory_031423__xlsx		Carlito-Regular,DejaVuSans,LiberationSans,
SSRO_Quarterly_Statistical_Bulletin_Q3201617_DATA__xlsx	LiberationSans-Italic 	Carlito-Bold,Carlito-Regular,LiberationSans,LiberationSans-Bold,
STC_WebList__xlsx		LiberationSans,LiberationSans-Bold,
SectorAdvisoryGroupandStrategyBoards__xls		DejaVuSans,DejaVuSans-Bold,
Special-Procedures_2025-07-10__xls		Carlito-Bold,Carlito-Regular,LiberationSans,LiberationSans-Bold,
State-Medicaid-Payment-Policies-for-Medicare-Cost-Sharing__xlsx		Carlito-Bold,DejaVuSans,DejaVuSans-Bold,LiberationSans,
T0A0D0000090006XLSE__xls		LiberationSans,LiberationSans-Bold,LiberationSans-Italic,
TDA_Smoke-Detectors__xlsx	LiberationSerif 	Carlito-Regular,DejaVuSans,DejaVuSans-Bold,LiberationSans,LiberationSans-Bold,
TICAPCapability_Final__xls		DejaVuSans,DejaVuSans-Bold,LiberationMono,LiberationSans,LiberationSans-Bold,LiberationSans-BoldItalic,LiberationSans-Italic,LiberationSerif,LiberationSerif-Bold,OpenSymbol,
TK-Syllabus-Comparison-Document-v2__xlsx	DejaVuSans 	Carlito-Bold,Carlito-BoldItalic,Carlito-Italic,Carlito-Regular,
TOGAF9-Tool-ConfReqts-CSQ__xls		Carlito-Bold,Carlito-BoldItalic,Carlito-Regular,LiberationSans,
Template Pilot Logbook JAR-FCL V3.0__xls		DejaVuSans,DejaVuSans-Bold,LiberationSans,LiberationSans-Bold,
Travel-Cost-Estimate-Calculator__xlsx		Carlito-Bold,Carlito-Italic,Carlito-Regular,
UAE Type Accepted Aircraft Models__xlsx		LiberationSans,LiberationSans-Bold,
UASEventsNov2014-Aug2015__xls		Carlito-Regular,
Upload__hvv_Linie_150_2023__xlsx		DejaVuSans,
VOR Candidate Discontinuance List 2026-01-08__xlsx		LiberationSans,LiberationSans-Bold,
WEBSITE-RESOURCE-LIST-by-CATEGORY-4-6-18-341pm__xlsx		LiberationSans,LiberationSans-Bold,
WG7_NCWF_Skills_Table__xls		LiberationSans,LiberationSans-Bold,
ZenithAviation_AuctionList__xls		LiberationSans,LiberationSans-Bold,
activespecs__xls		DejaVuSans,LiberationSans,
afn-afn-20250801-fy25-jan25-mar25__xlsx		DejaVuSans,DejaVuSans-Bold,
aircraft_analysis-2018-06__xlsx		Carlito-Bold,Carlito-Regular,
aircraft_analysis_2016-04-27__xls	Unifont 	Carlito-Bold,Carlito-Regular,
airports_6__xlsx		DejaVuSans,LiberationSans,
alle einzeln__xlsx		Carlito-Bold,LiberationSans,LiberationSans-Bold,
ans_mappings_of_eccairs_terms__xlsx	Caladea-Bold Caladea-Regular 	Carlito-Regular,DejaVuSans,DejaVuSansMono,LiberationSans,LiberationSans-Bold,
apron-area__xls		LiberationSans,LiberationSans-Bold,
arp-sop-300-Exhibit-A-Table-Templates__xlsx		Carlito-Bold,Carlito-Regular,LiberationSans,
atspp_pay_tables__xlsx		LiberationSans,LiberationSans-Bold,LiberationSans-BoldItalic,LiberationSerif,
capa-liste-nse-1__xls		Carlito-Bold,LiberationSans,LiberationSans-Bold,LiberationSerif,
certification-type-certificates-docs-tcdns-databases-MAdB-Light-Prop-14-28112013__xlsx		LiberationSans,
certification-type-certificates-docs-tcdns-databases-MAdB-Rotorcraft-14-28112013__xlsx		LiberationSans,LiberationSans-Bold,
commander-authorisation-tasks-spreadsheet-october-2025__xlsx		Carlito-Bold,Carlito-Regular,DejaVuSans,LiberationSans,
cy01_state__xls		LiberationSans,LiberationSans-Bold,
cy06_primary_np_comm__xls		LiberationSans,LiberationSans-Bold,
cy10_primary_enplanements__xls		LiberationSans,LiberationSans-Bold,
data_20121018181533__xls		Carlito-Regular,DejaVuSans,
disclosures_ecm__xls		Carlito-Regular,LiberationSans,LiberationSans-Bold,
dragon-175066A__xlsx	WenQuanYiZenHei 	DejaVuSans,DejaVuSans-Bold,LiberationSans-Bold,LiberationSerif-Bold,LiberationSerif-Italic,
e-pass-contact-details-template__xlsx		DejaVuSans-Bold,
ecopy of 2016 statistical bulletin_public finance statistics_final__xlsx		Caladea-Bold,Caladea-Regular,Carlito-Bold,Carlito-Regular,LiberationSerif,LiberationSerif-Bold,
edb-emissions-databank v27-NewFormat (web)__xlsx	DejaVuSans-Bold 	LiberationSans,LiberationSans-Bold,LiberationSans-Italic,
einvoice-summary-worksheet__xlsx		Carlito-Bold,Carlito-Regular,
environment-edb-docs-edb-emissions-databank__xls	DejaVuSans-Bold 	LiberationSans,LiberationSans-Bold,LiberationSans-Italic,
essd-16-3433-2024-t02__xlsx		Carlito-Regular,
esurf-12-135-2024-t01__xlsx		Carlito-Regular,
flightstandards-doc-Cross-reference-table_version02__xlsx		Carlito-Bold,Carlito-Italic,Carlito-Regular,DejaVuSans,DejaVuSans-Bold,LiberationSerif,
flying-log-passenger-23rd-september-2014__xls		DejaVuSans,LiberationSans,
fm-provider-service-measures__xlsx	Carlito-Bold 	Carlito-Regular,LiberationSans,LiberationSans-Bold,
fse_identification_form__xlsx		Carlito-Bold,Carlito-Regular,LiberationSerif-Bold,
fy20-may20-sep20__xlsx		LiberationSans,LiberationSans-Bold,
fy2010-aip-grants__xls		Carlito-Bold,Carlito-Regular,LiberationSans,
fy2011-aip-grants__xls		Carlito-Bold,Carlito-Regular,LiberationSans,
grants-2005__xls		LiberationSans,LiberationSans-Bold,
hdss-bulletin-index-2019-2022__xlsx	DejaVuSans 	Carlito-Bold,Carlito-Regular,LiberationSans,
jobs-bulletin-51-22-december-2025__xlsx	Carlito-Regular NotoColorEmoji 	DejaVuSans,DejaVuSans-Bold,LiberationSans,
june_2025_published__xlsx		Carlito-Regular,DejaVuSans,
laufende-nip-vorhaben-hyland__xls		LiberationSans,LiberationSans-Bold,
links-2026__xlsx		LiberationSans,LiberationSans-Bold,
npias_2009_appA__xls		DejaVuSans,LiberationSans,
oltl-bulletin-59-26-03-ptr-sc-registration-form-for-oltl-approved-software__xlsx		Carlito-Bold,Carlito-Regular,
orbus_togaf_tool_csq__xls		Carlito-Regular,LiberationSans,LiberationSans-Bold,LiberationSans-BoldItalic,LiberationSans-Italic,
permit-applications-determined-july-2015__xls		LiberationSans,LiberationSans-Bold,
programs contact list as of 07-01-10__xls		LiberationSans,LiberationSans-Bold,
redac-sas-201503-fy17-research-portfolio__xlsx		Carlito-Bold,Carlito-Regular,LiberationSans,LiberationSans-Bold,LiberationSans-Italic,
register-changes-in-may-2024---adujsted__xlsx		LiberationSerif,LiberationSerif-Bold,
sectors-defense-and-aerospace__xlsx		Carlito-Regular,
seihon_zassi_kikou_20221215__xlsx	WenQuanYiZenHei 	DejaVuSans,DejaVuSans-Bold,LiberationSans,
sistem-rekod-markah-srm-_-rekod-master__xlsx		Carlito-Bold,Carlito-Italic,Carlito-Regular,DejaVuSans,DejaVuSans-Bold,LiberationSans,
template-ECSPR-notifications__xlsx	DejaVuSans-Bold 	DejaVuSans,IPAGothic,LiberationSans,LiberationSans-Bold,
tk-syllabus-comparison-document-v5__xlsx	DejaVuSans 	Carlito-Bold,Carlito-BoldItalic,Carlito-Italic,Carlito-Regular,
underlying-holdings-emea-en_gb-monthly-holdings-state-street-emu-esg-screened-index-equity-fund__xls		Carlito-Regular,
wiley-cancelled-title-list__xlsx		Carlito-Bold,Carlito-Regular,
