words/batch-005/doc/316r_a_e.doc	doc	14/14	4412/4400	3/4	0	match
words/batch-005/doc/316r_a_f.doc	doc	14/14	4600/4589	3/4	0	match
words/batch-005/doc/RobertQ_Service.doc	doc	4/4	585/585	2/2	0	match
words/batch-005/doc/Theft-Restitution-Letter-Vancouver-ASC-2005.doc	doc	1/1	265/265	2/2	0	match
words/batch-005/doc/loi_format_letter_of_intent-a-320-214-a330.doc	doc	10/10	3365/3365	4/5	0	match
words/batch-005/docx/2024-12_Comlux_opens_Maintenance_and_Service_Center_in_Dubai.docx	docx	3/3	670/670	4/3	0	match
words/batch-005/docx/BID_ACKNOWLEDGEMENT_FORM_FOR_A320.docx	docx	2/2	306/307	3/3	0	match
words/batch-005/docx/Technical Report and Technical Update Guidelines.docx	docx	4/4	1209/1209	4/5	0	match
words/batch-005/docx/healthcare-reform-nsa-consumer-bulletin.docx	docx	4/4	1701/1701	5/5	0	match
words/batch-005/docx/part-147_approval list_20230119.docx	docx	2/2	632/636	4/5	0	match
words/batch-006/doc/003.doc	doc	4/4	986/986	2/3	0	match
words/batch-006/doc/1244277 1 Comment.doc	doc	2/2	393/393	5/5	0	match
words/batch-006/doc/LHD-230-application-for-the-approval-of-an-aircraftr.doc	doc	2/2	776/776	2/3	0	match
words/batch-006/doc/P200904290238_0238_51880.doc	doc	3/3	271/271	5/4	0	match
words/batch-006/docx/62599_FRANCE-BRAZIL- Air France Flight 447 crash.docx	docx	18/18	6154/6155	2/2	0	match
words/batch-006/docx/SDL_FSDO_Part91_LOA_Checklist.docx	docx	2/2	430/430	3/3	0	match
words/batch-006/docx/cacs-206-1751218225.docx	docx	2/2	347/347	2/3	0	match
words/batch-006/docx/f445896eb008d14c1746fc37d412dc22.docx	docx	15/16	5575/5575	3/3	0	pages
words/batch-006/docx/healthcare-reform-nsa-provider-bulletin.docx	docx	5/5	1944/1942	7/7	0	match
words/batch-006/docx/technical-memo-format.docx	docx	5/5	1820/1819	4/5	0	match
words/batch-007/doc/RNW167A-150428.doc	doc	9/9	1770/1770	5/5	0	match
words/batch-007/doc/Wales_Office_Quarter_4_Ministerial_Transparency_Return.DOC	doc	6/6	948/948	4/4	0	match
words/batch-007/doc/chapter 12.doc	doc	12/12	3671/3671	4/4	0	match
words/batch-007/doc/congregationalhistories_ky_2023.doc	doc	1/1	253/252	3/3	0	match
words/batch-007/docx/0c662f5c948a7d81d32ffd833c5cc59421a5f522.docx	docx	1/1	405/412	4/4	0	match
words/batch-007/docx/Press release_EUREKA labels ITEA 3 Cluster.docx	docx	2/2	838/823	3/3	0	match
words/batch-007/docx/final-technical-report-template.docx	docx	6/6	1127/1135	5/6	0	match
words/batch-007/docx/johnson_hall_service_log.pdf.docx	docx	1/1	316/316	6/6	0	match
words/batch-007/docx/technical-report-template.docx	docx	7/7	730/718	1/2	0	match
words/batch-007/docx/template-technical-report.docx	docx	10/10	844/844	2/3	0	match
words/batch-008/doc/1245685 1 Comment.doc	doc	1/1	326/326	7/7	0	match
words/batch-008/doc/FlightLaws.doc	doc	4/4	1076/1077	3/5	0	match
words/batch-008/doc/2024-2nd-quarter-case-summaries.doc	doc	10/10	5677/5677	3/4	0	match
words/batch-008/doc/PUR-0012-UTAS-GRAMS-SPA-Template-1-25-2024.doc	doc	6/6	1054/1054	3/4	0	match
words/batch-008/docx/09.docx	docx	2/2	464/463	4/4	0	match
words/batch-008/docx/ECSS-E-ST-50-16C-Annex-A(30September2021).docx	docx	4/4	687/687	4/4	0	match
words/batch-008/docx/4400-91_Proposal_To_Lease_Space_10-2024.docx	docx	6/6	3291/3291	5/5	0	match
words/batch-008/docx/FAA-2017-0628-0002_attachment_1.docx	docx	4/4	669/639	5/5	0	words
words/batch-008/docx/UAS-SGI_waiver_approval_request_form.docx	docx	2/2	505/504	2/3	0	match
words/batch-009/doc/2013-op12-Annex III - Curriculum Vitae.doc	doc	3/3	345/344	2/3	0	match
words/batch-008/docx/draft-variation-notice-airbus-bm3965ia-v006-vs-comments.docx	docx	9/9	1523/1506	2/3	0	match
words/batch-009/doc/A380MaenPressRel.doc	doc	3/3	778/778	5/6	0	match
words/batch-009/doc/237287_0486190101_0486190101_geolink2neu.doc	doc	8/8	1563/1563	4/4	0	match
words/batch-009/doc/certification-flight-standards-doc-oeb-supporting-documents-tgl-TGL26-section-5-REV10.doc	doc	8/8	1268/1268	4/4	0	match
words/batch-009/doc/CP-ETSO template_v2020.DOC	doc	6/6	1118/1118	3/6	0	match
words/batch-009/docx/Contract_Check_Pilot_Sample_LOA.docx	docx	4/4	1328/1328	5/6	0	match
words/batch-009/docx/Case-Study-Heathrow-Airport.docx	docx	3/3	1186/1186	5/6	0	match
words/batch-009/docx/SWDD-template.docx	docx	6/6	1063/1080	6/6	0	match
words/batch-009/docx/Lessons-Learned-Bulletin-Dorset-version-to-IIRG-V5.docx	docx	3/3	1531/1531	4/4	0	match
words/batch-009/docx/form_1123_application_form_rvsm_spa.docx	docx	3/3	596/596	4/5	0	match
