Airplanes-MTOW__xls	same
REDAC_SCHEDULE_RPD_135__xls	CHANGED
RPD 155 REDAC SCHEDULE 2014-04-02__xls	CHANGED
16424782563923__xlsx	same
ExampleWhiteListData__xlsx	same
FMMO_NMPF_37C__xlsx	same
Geo_Abschlussarbeiten__xlsx	same
Patent Index 2024 - Top 100 applicants 2024__xlsx	same
einvoice-summary-worksheet__xlsx	same
oltl-bulletin-59-26-03-ptr-sc-registration-form-for-oltl-approved-software__xlsx	CHANGED
2012-GA-Survey-Chapter-5-Tables-16Dec2013-V2__xls	same
2012-GA-Survey-Chapter-6-Tables-16Dec2013-V2__xls	same
P1636e__xls	same
REDAC_SCHEDULE_RPD_137__xls	same
(5000021142)-(subc0226)-criminology-subject-collection-list__xlsx	same
AIRBUS_station_evaluation_checklist_v2__xlsx	same
Chicago.List.2025__xlsx	same
Upload__hvv_Linie_150_2023__xlsx	same
WEBSITE-RESOURCE-LIST-by-CATEGORY-4-6-18-341pm__xlsx	same
e-pass-contact-details-template__xlsx	same
4-12-Kings-Attachment-13-Application-Architecture-Security-Requirements__xls	same
NPA_21_21_Sentenced_Comments__xls	same
RPA-Budgets-FY-17-19-20__xls	CHANGED
disclosures_ecm__xls	same
programs contact list as of 07-01-10__xls	same
00514292__xlsx	CHANGED
Air_Boss_Master_List__xlsx	CHANGED
Bulletin-37-Appendix-2-immediate-detriment-data-request__xlsx	same
VOR Candidate Discontinuance List 2026-01-08__xlsx	same
redac-sas-201503-fy17-research-portfolio__xlsx	CHANGED
NorwegianXPensionXFundXanalysisXexportsXandXLAWS-1__xls	same
flying-log-passenger-23rd-september-2014__xls	same
permit-applications-determined-july-2015__xls	same
EU_145s_with_TCCA_approval_-_31.01.2025__xlsx	same
Estero Rotary Awards__xlsx	same
List-of-Members-August-2017__xlsx	same
Foreign_SA-CAT-I_and_CAT-II-III_Pub_0__xlsx	same
Part_375_Operators__xlsx	same
Travel-Cost-Estimate-Calculator__xlsx	CHANGED
UAE Type Accepted Aircraft Models__xlsx	same
Background_Declaration_Template__xls	same
Praktikastellen_-_chinesischsprachiger_Kulturraum__xls	same
SectorAdvisoryGroupandStrategyBoards__xls	same
apron-area__xls	CHANGED
National-Reports__xlsx	same
cy10_primary_enplanements__xls	same
Part_129_Operators__xlsx	same
arp-sop-300-Exhibit-A-Table-Templates__xlsx	CHANGED
esurf-12-135-2024-t01__xlsx	same
fse_identification_form__xlsx	CHANGED
Hazard Analysis Template__xls	CHANGED
WG7_NCWF_Skills_Table__xls	same
ZenithAviation_AuctionList__xls	same
2017-04-27-Lease-Transition-Records-Checklist-FINAL-1__xlsx	same
2020-01-29-Lease-Transition-Records-Checklist-FINAL-1__xlsx	same
Infotabelle_WLAN im Flugzeug__xlsx	same
Published_Issuances_2024__xlsx	same
SSRO_Quarterly_Statistical_Bulletin_Q3201617_DATA__xlsx	same
june_2025_published__xlsx	same
register-changes-in-may-2024---adujsted__xlsx	CHANGED
CSA_CCM_v1.2__xls	CHANGED
114339-PROP-P127508-PUBLIC-PPCRNARCPPforPublication__xlsx	CHANGED
AFS-400_Contacts__xlsx	same
National-Finalists-2024-1__xlsx	same
Performance__xlsx	CHANGED
dragon-175066A__xlsx	same
essd-16-3433-2024-t02__xlsx	same
ecopy of 2016 statistical bulletin_public finance statistics_final__xlsx	same
wiley-cancelled-title-list__xlsx	same
jobs-bulletin-51-22-december-2025__xlsx	same
Liste-Zertifizierung-ChemKlimaschutzV-RPT__xls	same
ACRONYM__xls	same
2015-19 top 25 Arms producing companies data - to upload on website - FINAL_edit__xlsx	CHANGED
data_20121018181533__xls	same
RVSM_Non_approved_list_2025_84c0b3f4ac__xlsx	same
Computer and Software Services_50 State Comparison__xlsx	same
commander-authorisation-tasks-spreadsheet-october-2025__xlsx	same
template-ECSPR-notifications__xlsx	CHANGED
SLSA_Directory_031423__xlsx	CHANGED
hdss-bulletin-index-2019-2022__xlsx	same
Aviation_Abbreviations__xlsx	same
6f9e605c-fded-11e3-bd0e-00144feab7de__xls	CHANGED
PBN Matrix NAAs (V01)__xlsx	same
Company_Seniority_Date_Calculator__xlsx	same
RegChangeReport__xlsx	CHANGED
State-Medicaid-Payment-Policies-for-Medicare-Cost-Sharing__xlsx	same
TDA_Smoke-Detectors__xlsx	same
sistem-rekod-markah-srm-_-rekod-master__xlsx	CHANGED
airports_6__xlsx	same
INDEX_Digital_Transformation_Toolkits__xls	same
EHEST-Pre-departure-checklist-Rev.-1-06-12-2016__xls	CHANGED
TOGAF9-Tool-ConfReqts-CSQ__xls	CHANGED
PC1000__xls	same
Template Pilot Logbook JAR-FCL V3.0__xls	CHANGED
cy01_state__xls	same
cy06_primary_np_comm__xls	same
DOE-C2M2-V1.1-to-DOE-C2M2-V2.1 (1.1.0)__xlsx	CHANGED
Data-Architecture-Tool-Fit-Assessment-Template__xlsx	CHANGED
Keywords_Mapping_Graphs_and_Charts__xlsx	same
List of EQS securities_0__xls	same
RMP 2011-2014 and Inventory__xls	CHANGED
Special-Procedures_2025-07-10__xls	same
T0A0D0000090006XLSE__xls	same
AFCforPtF-Digital-Certificate-Publication-Report__xlsx	same
AMOC-Digital-Certificate-Publication-Report__xlsx	same
Capability_List_9-14-2022_Dallas_Combined-Aircraft_Manuf_unsorted__xlsx	same
Application_Compliance_Checklist_5_Apr_2021__xlsx	CHANGED
links-2026__xlsx	same
NAARMO_Mexico_RVSM_Approvals__xlsx	CHANGED
SIL_TDB605__xls	CHANGED
2023-qhp-form-and-rate-combined-checklist-final__xlsx	CHANGED
Application_for_authorisation_as_crowdfunding_service_provider__xlsx	CHANGED
2025_Active_Civil_Airmen_Statistics_FINAL__xlsx	same
FAA-2019-0995-0002_attachment_2__xlsx	CHANGED
aircraft_analysis-2018-06__xlsx	same
FY2023-AIP-grants__xlsx	same
certification-type-certificates-docs-tcdns-databases-MAdB-Rotorcraft-14-28112013__xlsx	CHANGED
atspp_pay_tables__xlsx	CHANGED
sectors-defense-and-aerospace__xlsx	same
ECA Sinters__xls	same
SIL_TDB609__xls	CHANGED
NPIAS_2007_App_A__xls	same
CSJU List of Recipients of funds 2013-2020__xlsx	same
npias_2009_appA__xls	same
EASA-IFP-WEBLISTNOODATA-ListsofBASAapprovals_WEB__ListofValidBASAorganisations_2025-01-20-08-56-36__xlsx	same
Copy of EASA-IFP-WEBLISTNOODATA-ListsofBASAapprovals(WEB)_ListofValidUSBASAorganisations_2023-01-13-04-33-14__xlsx	same
FY2018_Q4_UAS_Sightings__xlsx	same
MinCh-Digital-Certificate-Publication-Report__xlsx	CHANGED
fy20-may20-sep20__xlsx	same
18-02RD301_ILS_components_Master_9-13-18__xls	same
aircraft_analysis_2016-04-27__xls	same
TICAPCapability_Final__xls	CHANGED
capa-liste-nse-1__xls	same
fy2010-aip-grants__xls	CHANGED
fy2011-aip-grants__xls	CHANGED
Aircraft_Database__xlsx	CHANGED
afn-afn-20250801-fy25-jan25-mar25__xlsx	same
NPIAS_App_A__xls	CHANGED
FY2021-AIP-grants__xlsx	same
alle einzeln__xlsx	same
grants-2005__xls	CHANGED
UASEventsNov2014-Aug2015__xls	same
MajCh-Digital-Certificate-Publication-Report__xlsx	CHANGED
6880ac7361ca1b99a9230811_ST Capability List Rev.16 - Web__xlsx	same
ans_mappings_of_eccairs_terms__xlsx	same
edb-emissions-databank v27-NewFormat (web)__xlsx	same
fm-provider-service-measures__xlsx	CHANGED
seihon_zassi_kikou_20221215__xlsx	same
7-memento-2015-transports-aeriens-b__xls	CHANGED
activespecs__xls	same
underlying-holdings-emea-en_gb-monthly-holdings-state-street-emu-esg-screened-index-equity-fund__xls	same
SIL_TDB648__xlsx	CHANGED
PA_Delaware__xls	CHANGED
laufende-nip-vorhaben-hyland__xls	same
tk-syllabus-comparison-document-v5__xlsx	same
Global_Market_Forecast_2016-2035_Airbus_Data_Set__xlsx	CHANGED
CIS_Debian_Linux_8_Benchmark_v1.0.0__xls	same
flightstandards-doc-Cross-reference-table_version02__xlsx	CHANGED
orbus_togaf_tool_csq__xls	CHANGED
AIM_OPR_LIST__xls	same
environment-edb-docs-edb-emissions-databank__xls	CHANGED
EASA_PRODUCT_LIST_-_ALL__xlsx	same
EASA-IFP-WEBLISTNOODATA-ListsofForeignapprovals(WEB)_NewChart_2022-08-05-03-31-32__xlsx	same
RCO_VOR_Master_List_082824__xlsx	CHANGED
ODs-February-2022-Airbus-Commercial-Aircraft__xlsx	CHANGED
certification-type-certificates-docs-tcdns-databases-MAdB-Light-Prop-14-28112013__xlsx	CHANGED
EASA-IFP-147Scope_WEB__ALL_Valid147SoA_2024-11-28-11-16-31__xlsx	same
TK-Syllabus-Comparison-Document-v2__xlsx	same
EASA-IFP-145Scope(WEB)_ALL_ValidF145SOA_2022-12-16-04-31-58_0__xlsx	same
Laser Report 2024 FOIA __Oct (1)__xlsx	same
STC_WebList__xlsx	CHANGED
