(5000021142)-(subc0226)-criminology-subject-collection-list__xlsx	3/3	604/604	match
00514292__xlsx	9/9	845/846	match
114339-PROP-P127508-PUBLIC-PPCRNARCPPforPublication__xlsx	21/21	2381/2372	match
16424782563923__xlsx	3/3	843/843	match
18-02RD301_ILS_components_Master_9-13-18__xls	166/166	53359/53360	match
2012-GA-Survey-Chapter-5-Tables-16Dec2013-V2__xls	3/3	537/537	match
2012-GA-Survey-Chapter-6-Tables-16Dec2013-V2__xls	5/5	643/643	match
2015-19 top 25 Arms producing companies data - to upload on website - FINAL_edit__xlsx	19/19	3254/3253	match
2017-04-27-Lease-Transition-Records-Checklist-FINAL-1__xlsx	5/5	2363/2363	match
2020-01-29-Lease-Transition-Records-Checklist-FINAL-1__xlsx	5/5	2363/2363	match
2023-qhp-form-and-rate-combined-checklist-final__xlsx	100/100	14063/14051	match
2025_Active_Civil_Airmen_Statistics_FINAL__xlsx	35/35	13491/13547	match
4-12-Kings-Attachment-13-Application-Architecture-Security-Requirements__xls	6/6	1508/1508	match
6880ac7361ca1b99a9230811_ST Capability List Rev.16 - Web__xlsx	217/217	122852/122848	match
6f9e605c-fded-11e3-bd0e-00144feab7de__xls	16/16	7418/7418	match
7-memento-2015-transports-aeriens-b__xls	190/191	28848/28846	pages
ACRONYM__xls	69/69	9848/9848	match
AFCforPtF-Digital-Certificate-Publication-Report__xlsx	111/111	29859/29859	match
AFS-400_Contacts__xlsx	48/48	6369/6368	match
AIM_OPR_LIST__xls	229/229	22100/22099	match
AIRBUS_station_evaluation_checklist_v2__xlsx	1/1	544/544	match
AMOC-Digital-Certificate-Publication-Report__xlsx	148/148	36972/36961	match
Air_Boss_Master_List__xlsx	5/5	530/527	match
Aircraft_Database__xlsx	134/134	16520/16520	match
Airplanes-MTOW__xls	6/6	871/871	match
Application_Compliance_Checklist_5_Apr_2021__xlsx	14/14	17678/17718	match
Application_for_authorisation_as_crowdfunding_service_provider__xlsx	48/48	6245/6245	match
Aviation_Abbreviations__xlsx	94/94	15700/15700	match
Background_Declaration_Template__xls	25/25	181/181	match
Bulletin-37-Appendix-2-immediate-detriment-data-request__xlsx	5/5	541/541	match
CIS_Debian_Linux_8_Benchmark_v1.0.0__xls	109/109	16201/17503	words
CSA_CCM_v1.2__xls	13/13	15958/15852	match
CSJU List of Recipients of funds 2013-2020__xlsx	97/96	55219/55219	pages
Capability_List_9-14-2022_Dallas_Combined-Aircraft_Manuf_unsorted__xlsx	147/147	29916/29920	match
Chicago.List.2025__xlsx	3/3	1333/1348	match
Company_Seniority_Date_Calculator__xlsx	12/12	3092/3109	match
Computer and Software Services_50 State Comparison__xlsx	26/26	2818/2819	match
Copy of EASA-IFP-WEBLISTNOODATA-ListsofBASAapprovals(WEB)_ListofValidUSBASAorganisations_2023-01-13-04-33-14__xlsx	245/245	28967/28967	match
DOE-C2M2-V1.1-to-DOE-C2M2-V2.1 (1.1.0)__xlsx	91/91	15623/15623	match
Data-Architecture-Tool-Fit-Assessment-Template__xlsx	22/22	2229/2231	match
EASA-IFP-145Scope(WEB)_ALL_ValidF145SOA_2022-12-16-04-31-58_0__xlsx	114/114	32485/34835	words
EASA-IFP-147Scope_WEB__ALL_Valid147SoA_2024-11-28-11-16-31__xlsx	92/92	29878/29903	match
EASA-IFP-WEBLISTNOODATA-ListsofBASAapprovals_WEB__ListofValidBASAorganisations_2025-01-20-08-56-36__xlsx	254/254	30582/30582	match
EASA-IFP-WEBLISTNOODATA-ListsofForeignapprovals(WEB)_NewChart_2022-08-05-03-31-32__xlsx	19/19	4994/5234	words
EASA_PRODUCT_LIST_-_ALL__xlsx	264/264	99831/99831	match
ECA Sinters__xls	163/163	38347/38651	match
EHEST-Pre-departure-checklist-Rev.-1-06-12-2016__xls	24/24	8373/8382	match
EU_145s_with_TCCA_approval_-_31.01.2025__xlsx	14/14	2463/2463	match
Estero Rotary Awards__xlsx	2/2	213/213	match
ExampleWhiteListData__xlsx	6/6	821/821	match
FAA-2019-0995-0002_attachment_2__xlsx	32/33	10153/10245	pages
FMMO_NMPF_37C__xlsx	1/1	216/216	match
FY2018_Q4_UAS_Sightings__xlsx	304/302	57888/56495	pages,words
FY2021-AIP-grants__xlsx	58/58	156667/156662	match
FY2023-AIP-grants__xlsx	33/33	92159/91849	match
Foreign_SA-CAT-I_and_CAT-II-III_Pub_0__xlsx	16/16	1505/1504	match
Geo_Abschlussarbeiten__xlsx	3/3	636/636	match
Global_Market_Forecast_2016-2035_Airbus_Data_Set__xlsx	567/567	75611/75609	match
Hazard Analysis Template__xls	3/3	682/682	match
INDEX_Digital_Transformation_Toolkits__xls	24/24	1982/1982	match
Infotabelle_WLAN im Flugzeug__xlsx	4/4	405/406	match
Keywords_Mapping_Graphs_and_Charts__xlsx	46/46	4635/4808	words
Laser Report 2024 FOIA __Oct (1)__xlsx	506/506	116223/116275	match
List of EQS securities_0__xls	104/104	33117/33117	match
List-of-Members-August-2017__xlsx	10/10	1701/1701	match
Liste-Zertifizierung-ChemKlimaschutzV-RPT__xls	5/5	1363/1363	match
MajCh-Digital-Certificate-Publication-Report__xlsx	328/328	67261/67262	match
MinCh-Digital-Certificate-Publication-Report__xlsx	179/179	112674/112672	match
NAARMO_Mexico_RVSM_Approvals__xlsx	16/16	6792/6792	match
NPA_21_21_Sentenced_Comments__xls	2/2	974/982	match
NPIAS_2007_App_A__xls	128/128	39806/39805	match
NPIAS_App_A__xls	124/124	33644/33644	match
National-Finalists-2024-1__xlsx	30/30	4184/4184	match
National-Reports__xlsx	6/6	1276/1276	match
NorwegianXPensionXFundXanalysisXexportsXandXLAWS-1__xls	8/8	760/760	match
ODs-February-2022-Airbus-Commercial-Aircraft__xlsx	154/175	16758/16970	pages
P1636e__xls	2/2	344/344	match
PA_Delaware__xls	122/122	135663/135663	match
PBN Matrix NAAs (V01)__xlsx	25/25	5558/5557	match
PC1000__xls	13/13	864/873	match
Part_129_Operators__xlsx	23/23	4275/4277	match
Part_375_Operators__xlsx	19/19	2195/2197	match
Patent Index 2024 - Top 100 applicants 2024__xlsx	1/1	444/444	match
Performance__xlsx	13/13	2170/2170	match
Praktikastellen_-_chinesischsprachiger_Kulturraum__xls	34/34	1828/1828	match
Published_Issuances_2024__xlsx	1/1	458/458	match
RCO_VOR_Master_List_082824__xlsx	80/80	15519/15524	match
REDAC_SCHEDULE_RPD_135__xls	1/1	202/202	match
REDAC_SCHEDULE_RPD_137__xls	2/2	599/599	match
RMP 2011-2014 and Inventory__xls	38/38	18573/18548	match
RPA-Budgets-FY-17-19-20__xls	4/4	1040/1037	match
RPD 155 REDAC SCHEDULE 2014-04-02__xls	1/1	150/151	match
RVSM_Non_approved_list_2025_84c0b3f4ac__xlsx	2/2	445/445	match
RegChangeReport__xlsx	12/12	3143/3137	match
SIL_TDB605__xls	44/44	4138/4136	match
SIL_TDB609__xls	50/50	5239/5237	match
SIL_TDB648__xlsx	89/88	7680/7679	pages
SLSA_Directory_031423__xlsx	10/10	5902/5902	match
SSRO_Quarterly_Statistical_Bulletin_Q3201617_DATA__xlsx	4/4	548/550	match
STC_WebList__xlsx	4372/4372	1293999/1293910	match
SectorAdvisoryGroupandStrategyBoards__xls	7/7	2430/2430	match
Special-Procedures_2025-07-10__xls	22/22	28748/28751	match
State-Medicaid-Payment-Policies-for-Medicare-Cost-Sharing__xlsx	18/18	40627/40459	match
T0A0D0000090006XLSE__xls	162/162	42710/40624	words
TDA_Smoke-Detectors__xlsx	28/28	3788/3791	match
TICAPCapability_Final__xls	17/17	4940/4930	match
TK-Syllabus-Comparison-Document-v2__xlsx	1235/1235	258337/258369	match
TOGAF9-Tool-ConfReqts-CSQ__xls	28/28	24206/24097	match
Template Pilot Logbook JAR-FCL V3.0__xls	38/38	1340/1610	words
Travel-Cost-Estimate-Calculator__xlsx	3/3	200/200	match
UAE Type Accepted Aircraft Models__xlsx	6/6	760/760	match
UASEventsNov2014-Aug2015__xls	523/523	64708/64381	match
Upload__hvv_Linie_150_2023__xlsx	1/1	237/237	match
VOR Candidate Discontinuance List 2026-01-08__xlsx	7/7	1558/1558	match
WEBSITE-RESOURCE-LIST-by-CATEGORY-4-6-18-341pm__xlsx	1/1	538/538	match
WG7_NCWF_Skills_Table__xls	44/44	8532/8536	match
ZenithAviation_AuctionList__xls	33/33	6626/6626	match
activespecs__xls	266/266	49581/49600	match
afn-afn-20250801-fy25-jan25-mar25__xlsx	270/270	73741/73542	match
aircraft_analysis-2018-06__xlsx	42/42	7217/7217	match
aircraft_analysis_2016-04-27__xls	44/46	14525/14524	pages
airports_6__xlsx	17/17	11036/11053	match
alle einzeln__xlsx	186/186	64184/64187	match
ans_mappings_of_eccairs_terms__xlsx	190/191	28195/28183	pages
apron-area__xls	3/3	431/431	match
arp-sop-300-Exhibit-A-Table-Templates__xlsx	11/11	3756/3740	match
atspp_pay_tables__xlsx	101/101	13007/13007	match
capa-liste-nse-1__xls	108/108	22737/22744	match
certification-type-certificates-docs-tcdns-databases-MAdB-Light-Prop-14-28112013__xlsx	343/343	36728/36728	match
certification-type-certificates-docs-tcdns-databases-MAdB-Rotorcraft-14-28112013__xlsx	82/82	13303/13311	match
commander-authorisation-tasks-spreadsheet-october-2025__xlsx	23/23	13481/13482	match
cy01_state__xls	36/36	20557/20554	match
cy06_primary_np_comm__xls	11/11	7089/7089	match
cy10_primary_enplanements__xls	12/12	5280/5280	match
data_20121018181533__xls	57/57	12483/12483	match
disclosures_ecm__xls	1/1	3534/3534	match
dragon-175066A__xlsx	13/13	8143/8142	match
e-pass-contact-details-template__xlsx	4/4	27/27	match
ecopy of 2016 statistical bulletin_public finance statistics_final__xlsx	17/17	5701/5758	match
edb-emissions-databank v27-NewFormat (web)__xlsx	368/368	76728/76711	match
einvoice-summary-worksheet__xlsx	2/2	298/298	match
environment-edb-docs-edb-emissions-databank__xls	195/195	65603/65604	match
essd-16-3433-2024-t02__xlsx	4/4	951/950	match
esurf-12-135-2024-t01__xlsx	1/1	123/124	match
flightstandards-doc-Cross-reference-table_version02__xlsx	464/464	68134/68113	match
flying-log-passenger-23rd-september-2014__xls	7/7	4040/4036	match
fm-provider-service-measures__xlsx	38/38	21340/21458	match
fse_identification_form__xlsx	3/3	443/443	match
fy20-may20-sep20__xlsx	96/96	51815/51815	match
fy2010-aip-grants__xls	100/100	63092/63452	match
fy2011-aip-grants__xls	93/93	54739/54488	match
grants-2005__xls	219/220	36000/36003	pages
hdss-bulletin-index-2019-2022__xlsx	24/24	3765/3780	match
jobs-bulletin-51-22-december-2025__xlsx	12/12	1890/1890	match
june_2025_published__xlsx	15/15	13191/13191	match
laufende-nip-vorhaben-hyland__xls	18/18	6579/6579	match
links-2026__xlsx	45/45	2849/2849	match
npias_2009_appA__xls	73/73	49846/49827	match
oltl-bulletin-59-26-03-ptr-sc-registration-form-for-oltl-approved-software__xlsx	2/2	86/86	match
orbus_togaf_tool_csq__xls	33/75	32415/48329	pages,words
permit-applications-determined-july-2015__xls	1/1	1323/1323	match
programs contact list as of 07-01-10__xls	3/3	952/949	match
redac-sas-201503-fy17-research-portfolio__xlsx	2/2	750/754	match
register-changes-in-may-2024---adujsted__xlsx	10/10	798/798	match
sectors-defense-and-aerospace__xlsx	227/227	23074/23066	match
seihon_zassi_kikou_20221215__xlsx	84/84	47130/47068	match
sistem-rekod-markah-srm-_-rekod-master__xlsx	31/31	5882/5882	match
template-ECSPR-notifications__xlsx	26/26	289/289	match
tk-syllabus-comparison-document-v5__xlsx	855/855	235236/235154	match
underlying-holdings-emea-en_gb-monthly-holdings-state-street-emu-esg-screened-index-equity-fund__xls	15/15	4988/4991	match
wiley-cancelled-title-list__xlsx	60/60	7705/7705	match
